clube,temporada,n_casa,n_fora,pts_casa,pts_fora,ppg_casa,ppg_fora,vantagem_ppg,share_pts_casa,pct_vitoria_casa,pct_empate_casa,pct_derrota_casa,saldo_casa_pj,gols_pro_casa_pj,gols_contra_casa_pj
america-mg,2011,19,19,28,9,1.4737,0.4737,1.0000,0.7568,0.3684,0.3684,0.2632,0.3158,1.7368,1.4211
america-mg,2016,19,19,24,4,1.2632,0.2105,1.0526,0.8571,0.3684,0.1579,0.4737,-0.3684,0.6842,1.0526
america-mg,2018,19,19,31,9,1.6316,0.4737,1.1579,0.7750,0.4211,0.3684,0.2105,0.2632,1.1579,0.8947
america-mg,2021,19,19,33,20,1.7368,1.0526,0.6842,0.6226,0.4737,0.3158,0.2105,0.5789,1.1579,0.5789
america-mg,2022,19,19,31,22,1.6316,1.1579,0.4737,0.5849,0.4737,0.2105,0.3158,0.2105,1.1579,0.9474
america-mg,2023,19,19,17,7,0.8947,0.3684,0.5263,0.7083,0.2632,0.1053,0.6316,-0.8947,1.1053,2.0000
america-rn,2007,19,19,9,8,0.4737,0.4211,0.0526,0.5294,0.1053,0.1579,0.7368,-1.2105,0.6316,1.8421
athletico-pr,2003,23,23,46,15,2.0000,0.6522,1.3478,0.7541,0.6087,0.1739,0.2174,0.7391,1.9565,1.2174
athletico-pr,2004,23,23,53,33,2.3043,1.4348,0.8696,0.6163,0.6957,0.2174,0.0870,1.6522,2.4348,0.7826
athletico-pr,2005,21,21,44,17,2.0952,0.8095,1.2857,0.7213,0.6190,0.2381,0.1429,1.0952,2.3333,1.2381
athletico-pr,2006,19,19,30,18,1.5789,0.9474,0.6316,0.6250,0.4737,0.1579,0.3684,0.2105,1.7368,1.5263
athletico-pr,2007,19,19,39,15,2.0526,0.7895,1.2632,0.7222,0.5789,0.3158,0.1053,0.7368,1.5263,0.7895
athletico-pr,2008,19,19,36,9,1.8947,0.4737,1.4211,0.8000,0.5263,0.3158,0.1579,0.8421,1.7368,0.8947
athletico-pr,2009,19,19,33,15,1.7368,0.7895,0.9474,0.6875,0.4737,0.3158,0.2105,0.3158,1.2632,0.9474
athletico-pr,2010,19,19,42,18,2.2105,0.9474,1.2632,0.7000,0.6316,0.3158,0.0526,0.5789,1.4211,0.8421
athletico-pr,2011,19,19,32,9,1.6842,0.4737,1.2105,0.7805,0.4211,0.4211,0.1579,0.2632,1.2105,0.9474
athletico-pr,2013,19,19,44,20,2.3158,1.0526,1.2632,0.6875,0.6842,0.2632,0.0526,1.1579,2.0526,0.8947
athletico-pr,2014,19,19,35,19,1.8421,1.0000,0.8421,0.6481,0.5263,0.2632,0.2105,0.5263,1.2632,0.7368
athletico-pr,2015,19,19,33,18,1.7368,0.9474,0.7895,0.6471,0.4737,0.3158,0.2105,0.5263,1.5789,1.0526
athletico-pr,2016,19,19,48,9,2.5263,0.4737,2.0526,0.8421,0.7895,0.1579,0.0526,1.1053,1.4211,0.3158
athletico-pr,2017,19,19,29,22,1.5263,1.1579,0.3684,0.5686,0.4211,0.2632,0.3158,0.4737,1.5263,1.0526
athletico-pr,2018,19,19,44,13,2.3158,0.6842,1.6316,0.7719,0.7368,0.1053,0.1579,1.5789,2.3158,0.7368
athletico-pr,2019,19,19,39,25,2.0526,1.3158,0.7368,0.6094,0.6316,0.1579,0.2105,0.7895,1.3684,0.5789
athletico-pr,2020,19,19,32,21,1.6842,1.1053,0.5789,0.6038,0.4737,0.2632,0.2632,0.3684,1.0526,0.6842
athletico-pr,2021,19,19,29,18,1.5263,0.9474,0.5789,0.6170,0.4211,0.2632,0.3158,0.1053,1.2105,1.1053
athletico-pr,2022,19,19,39,19,2.0526,1.0000,1.0526,0.6724,0.5789,0.3158,0.1053,0.7368,1.6316,0.8947
athletico-pr,2023,19,19,38,18,2.0000,0.9474,1.0526,0.6786,0.5263,0.4211,0.0526,0.7368,1.7368,1.0000
athletico-pr,2024,19,19,25,17,1.3158,0.8947,0.4211,0.5952,0.3684,0.2105,0.4211,0.1579,1.2632,1.1053
atletico-go,2010,19,19,27,15,1.4211,0.7895,0.6316,0.6429,0.3684,0.3158,0.3158,0.3684,1.6316,1.2632
atletico-go,2011,19,19,30,18,1.5789,0.9474,0.6316,0.6250,0.4737,0.1579,0.3684,0.5789,1.3158,0.7368
atletico-go,2012,19,19,18,12,0.9474,0.6316,0.3158,0.6000,0.2632,0.1579,0.5789,-0.4737,1.1053,1.5789
atletico-go,2017,19,19,17,19,0.8947,1.0000,-0.1053,0.4722,0.2105,0.2632,0.5263,-0.2632,0.9474,1.2105
atletico-go,2020,19,19,27,23,1.4211,1.2105,0.2105,0.5400,0.3158,0.4737,0.2105,0.1579,1.2632,1.1053
atletico-go,2021,19,19,28,25,1.4737,1.3158,0.1579,0.5283,0.3158,0.5263,0.1579,0.1579,0.8947,0.7368
atletico-go,2022,19,19,23,13,1.2105,0.6842,0.5263,0.6389,0.3158,0.2632,0.4211,-0.0526,1.1579,1.2105
atletico-go,2024,19,19,20,10,1.0526,0.5263,0.5263,0.6667,0.2632,0.2632,0.4737,-0.4211,0.8421,1.2632
atletico-mg,2003,23,23,44,28,1.9130,1.2174,0.6957,0.6111,0.5652,0.2174,0.2174,0.5652,1.7391,1.1739
atletico-mg,2004,23,23,36,17,1.5652,0.7391,0.8261,0.6792,0.3913,0.3913,0.2174,0.4783,1.8261,1.3478
atletico-mg,2005,21,21,22,25,1.0476,1.1905,-0.1429,0.4681,0.2857,0.1905,0.5238,-0.0952,1.2381,1.3333
atletico-mg,2007,19,19,32,23,1.6842,1.2105,0.4737,0.5818,0.4737,0.2632,0.2632,0.8947,2.1053,1.2105
atletico-mg,2008,19,19,35,13,1.8421,0.6842,1.1579,0.7292,0.4737,0.4211,0.1053,0.5263,1.6316,1.1053
atletico-mg,2009,19,19,32,24,1.6842,1.2632,0.4211,0.5714,0.4737,0.2632,0.2632,0.2632,1.3684,1.1053
atletico-mg,2010,19,19,28,17,1.4737,0.8947,0.5789,0.6222,0.4737,0.0526,0.4737,0.2105,1.7368,1.5263
atletico-mg,2011,19,19,33,12,1.7368,0.6316,1.1053,0.7333,0.5263,0.1579,0.3158,0.5263,1.6316,1.1053
atletico-mg,2012,19,19,47,25,2.4737,1.3158,1.1579,0.6528,0.7368,0.2632,0.0000,1.4211,2.2105,0.7895
atletico-mg,2013,19,19,44,13,2.3158,0.6842,1.6316,0.7719,0.6842,0.2632,0.0526,1.3684,2.1579,0.7895
atletico-mg,2014,19,19,41,21,2.1579,1.1053,1.0526,0.6613,0.6316,0.2632,0.1053,0.8421,1.4737,0.6316
atletico-mg,2015,19,19,41,28,2.1579,1.4737,0.6842,0.5942,0.6842,0.1053,0.2105,0.8421,1.8947,1.0526
atletico-mg,2016,19,18,42,20,2.2105,1.1111,1.0994,0.6774,0.6842,0.1579,0.1579,1.0000,2.0526,1.0526
atletico-mg,2017,19,19,25,29,1.3158,1.5263,-0.2105,0.4630,0.3684,0.2105,0.4211,0.0000,1.4211,1.4211
atletico-mg,2018,19,19,40,19,2.1053,1.0000,1.1053,0.6780,0.6316,0.2105,0.1579,0.8421,1.6316,0.7895
atletico-mg,2019,19,19,32,16,1.6842,0.8421,0.8421,0.6667,0.5263,0.1053,0.3684,0.2632,1.4737,1.2105
atletico-mg,2020,19,19,46,22,2.4211,1.1579,1.2632,0.6765,0.7368,0.2105,0.0526,1.4737,2.1579,0.6842
atletico-mg,2021,19,19,52,32,2.7368,1.6842,1.0526,0.6190,0.8947,0.0526,0.0526,1.5263,2.2105,0.6842
atletico-mg,2022,19,19,29,29,1.5263,1.5263,0.0000,0.5000,0.4211,0.2632,0.3158,0.3684,1.3158,0.9474
atletico-mg,2023,19,19,36,30,1.8947,1.5789,0.3158,0.5455,0.5789,0.1579,0.2632,0.6316,1.4737,0.8421
atletico-mg,2024,19,19,28,19,1.4737,1.0000,0.4737,0.5957,0.3684,0.3684,0.2632,0.0526,1.4211,1.3684
avai,2009,19,19,36,21,1.8947,1.1053,0.7895,0.6316,0.5263,0.3158,0.1579,0.7368,1.8947,1.1579
avai,2010,19,19,32,11,1.6842,0.5789,1.1053,0.7442,0.4737,0.2632,0.2632,0.7368,1.7895,1.0526
avai,2011,19,19,19,12,1.0000,0.6316,0.3684,0.6129,0.2105,0.3684,0.4211,-0.2632,1.3684,1.6316
avai,2015,19,19,29,13,1.5263,0.6842,0.8421,0.6905,0.4211,0.2632,0.3158,0.0000,1.3684,1.3684
avai,2017,19,19,24,19,1.2632,1.0000,0.2632,0.5581,0.2632,0.4737,0.2632,-0.2632,0.7895,1.0526
avai,2019,19,19,12,8,0.6316,0.4211,0.2105,0.6000,0.0526,0.4737,0.4737,-0.7368,0.5263,1.2632
avai,2022,19,19,25,10,1.3158,0.5263,0.7895,0.7143,0.3684,0.2105,0.4211,-0.1053,1.2632,1.3684
bahia,2003,23,23,39,7,1.6957,0.3043,1.3913,0.8478,0.4783,0.2609,0.2609,0.0870,1.7391,1.6522
bahia,2011,19,19,28,18,1.4737,0.9474,0.5263,0.6087,0.3684,0.3684,0.2632,0.1579,1.3684,1.2105
bahia,2012,19,19,24,23,1.2632,1.2105,0.0526,0.5106,0.2632,0.4737,0.2632,0.0000,0.8421,0.8421
bahia,2013,19,19,28,20,1.4737,1.0526,0.4211,0.5833,0.3684,0.3684,0.2632,0.1579,1.0526,0.8947
bahia,2014,19,19,22,15,1.1579,0.7895,0.3684,0.5946,0.3158,0.2105,0.4737,-0.1579,0.7368,0.8947
bahia,2017,19,19,34,16,1.7895,0.8421,0.9474,0.6800,0.5263,0.2105,0.2632,0.6842,1.7895,1.1053
bahia,2018,19,19,37,11,1.9474,0.5789,1.3684,0.7708,0.5263,0.3684,0.1053,0.7368,1.4211,0.6842
bahia,2019,19,19,29,20,1.5263,1.0526,0.4737,0.5918,0.3684,0.4211,0.2105,0.3158,1.2632,0.9474
bahia,2020,19,19,29,15,1.5263,0.7895,0.7368,0.6591,0.4737,0.1053,0.4211,0.0526,1.4211,1.3684
bahia,2021,19,19,29,14,1.5263,0.7368,0.7895,0.6744,0.4211,0.2632,0.3158,0.2632,1.4211,1.1579
bahia,2023,19,19,29,15,1.5263,0.7895,0.7368,0.6591,0.4211,0.2632,0.3158,0.4211,1.5263,1.1053
bahia,2024,19,19,36,17,1.8947,0.8947,1.0000,0.6792,0.5789,0.1579,0.2632,0.5263,1.3158,0.7895
barueri,2009,19,19,37,12,1.9474,0.6316,1.3158,0.7551,0.5263,0.3684,0.1053,1.1053,1.8421,0.7368
botafogo-rj,2004,23,23,35,16,1.5217,0.6957,0.8261,0.6863,0.3478,0.4783,0.1739,0.3478,1.6522,1.3043
botafogo-rj,2005,21,21,40,19,1.9048,0.9048,1.0000,0.6780,0.5714,0.1905,0.2381,0.6667,1.7619,1.0952
botafogo-rj,2006,19,19,34,17,1.7895,0.8947,0.8947,0.6667,0.5263,0.2105,0.2632,0.4737,1.8421,1.3684
botafogo-rj,2007,19,19,34,21,1.7895,1.1053,0.6842,0.6182,0.5263,0.2105,0.2632,0.6842,2.0000,1.3158
botafogo-rj,2008,19,19,31,22,1.6316,1.1579,0.4737,0.5849,0.4737,0.2105,0.3158,0.6316,1.5263,0.8947
botafogo-rj,2009,19,19,30,17,1.5789,0.8947,0.6842,0.6383,0.4211,0.3158,0.2632,0.1579,1.5263,1.3684
botafogo-rj,2010,19,19,34,25,1.7895,1.3158,0.4737,0.5763,0.4211,0.5263,0.0526,0.6842,1.6842,1.0000
botafogo-rj,2011,19,19,38,18,2.0000,0.9474,1.0526,0.6786,0.5789,0.2632,0.1579,0.9474,1.9474,1.0000
botafogo-rj,2012,19,19,31,24,1.6316,1.2632,0.3684,0.5636,0.4737,0.2105,0.3158,0.6842,1.8421,1.1579
botafogo-rj,2013,19,19,38,23,2.0000,1.2105,0.7895,0.6230,0.5789,0.2632,0.1579,0.8421,1.5789,0.7368
botafogo-rj,2014,19,19,29,5,1.5263,0.2632,1.2632,0.8529,0.4211,0.2632,0.3158,0.2632,1.2632,1.0000
botafogo-rj,2016,19,19,35,24,1.8421,1.2632,0.5789,0.5932,0.5263,0.2632,0.2105,0.5263,1.4211,0.8947
botafogo-rj,2017,19,19,30,23,1.5789,1.2105,0.3684,0.5660,0.4737,0.1579,0.3684,0.2632,1.5789,1.3158
botafogo-rj,2018,19,19,37,14,1.9474,0.7368,1.2105,0.7255,0.5263,0.3684,0.1053,0.4211,1.1579,0.7368
botafogo-rj,2019,19,19,29,14,1.5263,0.7368,0.7895,0.6744,0.4737,0.1053,0.4211,0.1053,1.0000,0.8947
botafogo-rj,2020,19,19,14,13,0.7368,0.6842,0.0526,0.5185,0.1579,0.2632,0.5789,-0.7368,0.8421,1.5789
botafogo-rj,2022,19,19,22,31,1.1579,1.6316,-0.4737,0.4151,0.3158,0.2105,0.4737,-0.0526,0.9474,1.0000
botafogo-rj,2023,19,19,37,27,1.9474,1.4211,0.5263,0.5781,0.5789,0.2105,0.2105,1.0000,1.8947,0.8947
botafogo-rj,2024,19,19,41,38,2.1579,2.0000,0.1579,0.5190,0.6316,0.2632,0.1053,0.9474,1.6316,0.6842
bragantino,2020,19,19,35,18,1.8421,0.9474,0.8947,0.6604,0.5263,0.2632,0.2105,0.7895,1.7895,1.0000
bragantino,2021,19,19,30,26,1.5789,1.3684,0.2105,0.5357,0.3684,0.4737,0.1579,0.4211,1.4737,1.0526
bragantino,2022,19,19,29,15,1.5263,0.7895,0.7368,0.6591,0.4211,0.2632,0.3158,0.3158,1.5263,1.2105
bragantino,2023,19,19,38,24,2.0000,1.2632,0.7368,0.6129,0.5789,0.2632,0.1579,0.7368,1.4737,0.7368
bragantino,2024,19,19,31,13,1.6316,0.6842,0.9474,0.7045,0.4211,0.3684,0.2105,0.4211,1.4211,1.0000
brasiliense,2005,21,21,24,17,1.1429,0.8095,0.3333,0.5854,0.2857,0.2857,0.4286,-0.2381,1.1429,1.3810
ceara,2010,19,19,36,11,1.8947,0.5789,1.3158,0.7660,0.4737,0.4737,0.0526,0.5263,1.1579,0.6316
ceara,2011,19,19,26,13,1.3684,0.6842,0.6842,0.6667,0.3684,0.2632,0.3684,0.3158,1.6316,1.3158
ceara,2018,19,19,29,15,1.5263,0.7895,0.7368,0.6591,0.3684,0.4211,0.2105,0.1053,0.9474,0.8421
ceara,2019,19,19,30,9,1.5789,0.4737,1.1053,0.7692,0.4211,0.3158,0.2632,0.4737,1.2105,0.7368
ceara,2020,19,19,26,26,1.3684,1.3684,0.0000,0.5000,0.3684,0.2632,0.3684,-0.1579,1.1579,1.3158
ceara,2021,19,19,37,13,1.9474,0.6842,1.2632,0.7400,0.5263,0.3684,0.1053,0.5263,1.2632,0.7368
ceara,2022,19,19,20,17,1.0526,0.8947,0.1579,0.5405,0.2105,0.4211,0.3684,-0.1053,1.0526,1.1579
chapecoense,2014,19,19,31,12,1.6316,0.6316,1.0000,0.7209,0.4211,0.3684,0.2105,0.6842,1.2632,0.5789
chapecoense,2015,19,19,32,15,1.6842,0.7895,0.8947,0.6809,0.4737,0.2632,0.2632,0.2105,1.2105,1.0000
chapecoense,2016,18,19,30,22,1.6667,1.1579,0.5088,0.5769,0.4444,0.3333,0.2222,0.2222,1.3889,1.1667
chapecoense,2017,19,19,30,24,1.5789,1.2632,0.3158,0.5556,0.4737,0.1579,0.3684,0.1579,1.2632,1.1053
chapecoense,2018,19,19,35,9,1.8421,0.4737,1.3684,0.7955,0.5263,0.2632,0.2105,0.4211,1.2632,0.8421
chapecoense,2019,19,19,17,15,0.8947,0.7895,0.1053,0.5312,0.2105,0.2632,0.5263,-0.3158,0.8421,1.1579
chapecoense,2021,19,19,6,9,0.3158,0.4737,-0.1579,0.4000,0.0000,0.3158,0.6842,-1.0000,0.6842,1.6842
corinthians,2003,23,23,37,20,1.6087,0.8696,0.7391,0.6491,0.4783,0.1739,0.3478,0.6522,1.5652,0.9130
corinthians,2004,23,23,43,31,1.8696,1.3478,0.5217,0.5811,0.5217,0.3043,0.1739,0.2609,1.2609,1.0000
corinthians,2005,21,21,42,39,2.0000,1.8571,0.1429,0.5185,0.5714,0.2857,0.1429,0.8571,2.2857,1.4286
corinthians,2006,19,19,30,23,1.5789,1.2105,0.3684,0.5660,0.4737,0.1579,0.3684,-0.0526,1.1579,1.2105
corinthians,2007,19,19,25,19,1.3158,1.0000,0.3158,0.5682,0.3158,0.3684,0.3158,-0.1579,0.8947,1.0526
corinthians,2009,19,19,32,20,1.6842,1.0526,0.6316,0.6154,0.5263,0.1053,0.3684,0.1053,1.6842,1.5789
corinthians,2010,19,19,47,21,2.4737,1.1053,1.3684,0.6912,0.7895,0.1053,0.1053,1.4211,2.1579,0.7368
corinthians,2011,19,19,41,30,2.1579,1.5789,0.5789,0.5775,0.6842,0.1053,0.2105,0.6842,1.6842,1.0000
corinthians,2012,19,19,36,21,1.8947,1.1053,0.7895,0.6316,0.5263,0.3158,0.1579,0.6842,1.6316,0.9474
corinthians,2013,19,19,33,17,1.7368,0.8947,0.8421,0.6600,0.4211,0.4737,0.1053,0.6316,0.8947,0.2632
corinthians,2014,19,19,42,27,2.2105,1.4211,0.7895,0.6087,0.6316,0.3158,0.0526,0.8947,1.6842,0.7895
corinthians,2015,19,19,50,31,2.6316,1.6316,1.0000,0.6173,0.8421,0.1053,0.0526,1.5789,2.1579,0.5789
corinthians,2016,19,19,37,18,1.9474,0.9474,1.0000,0.6727,0.5263,0.3684,0.1053,0.8421,1.4211,0.5789
corinthians,2017,19,19,41,31,2.1579,1.6316,0.5263,0.5694,0.6316,0.2632,0.1053,0.8947,1.6842,0.7895
corinthians,2018,19,19,35,9,1.8421,0.4737,1.3684,0.7955,0.4737,0.4211,0.1053,0.3684,1.0000,0.6316
corinthians,2019,19,19,37,19,1.9474,1.0000,0.9474,0.6607,0.5263,0.3684,0.1053,0.6316,1.3158,0.6842
corinthians,2020,19,19,31,20,1.6316,1.0526,0.5789,0.6078,0.4211,0.3684,0.2105,0.3158,1.5263,1.2105
corinthians,2021,19,19,35,22,1.8421,1.1579,0.6842,0.6140,0.5263,0.2632,0.2105,0.4211,1.3684,0.9474
corinthians,2022,19,19,40,25,2.1053,1.3158,0.7895,0.6154,0.6316,0.2105,0.1579,0.6842,1.2632,0.5789
corinthians,2023,19,19,28,22,1.4737,1.1579,0.3158,0.5600,0.3158,0.5263,0.1579,0.1579,1.3684,1.2105
corinthians,2024,19,19,38,18,2.0000,0.9474,1.0526,0.6786,0.5263,0.4211,0.0526,1.0000,1.9474,0.9474
coritiba,2003,23,23,47,26,2.0435,1.1304,0.9130,0.6438,0.6087,0.2174,0.1739,0.6522,1.6087,0.9565
coritiba,2004,23,23,38,24,1.6522,1.0435,0.6087,0.6129,0.4783,0.2174,0.3043,0.4348,1.2174,0.7826
coritiba,2005,21,21,33,16,1.5714,0.7619,0.8095,0.6735,0.4762,0.1429,0.3810,0.0000,1.3810,1.3810
coritiba,2008,19,19,36,17,1.8947,0.8947,1.0000,0.6792,0.5263,0.3158,0.1579,0.9474,1.6842,0.7368
coritiba,2009,19,19,34,11,1.7895,0.5789,1.2105,0.7556,0.5263,0.2105,0.2632,0.5263,1.6842,1.1579
coritiba,2011,19,19,43,14,2.2632,0.7368,1.5263,0.7544,0.6842,0.2105,0.1053,1.4211,2.1053,0.6842
coritiba,2012,19,19,35,13,1.8421,0.6842,1.1579,0.7292,0.5789,0.1053,0.3158,0.7368,1.7368,1.0000
coritiba,2013,19,19,35,13,1.8421,0.6842,1.1579,0.7292,0.5263,0.2632,0.2105,0.5263,1.5263,1.0000
coritiba,2014,19,19,35,12,1.8421,0.6316,1.2105,0.7447,0.5263,0.2632,0.2105,0.6842,1.2632,0.5789
coritiba,2015,19,19,26,18,1.3684,0.9474,0.4211,0.5909,0.3158,0.4211,0.2632,0.0526,0.7895,0.7368
coritiba,2016,19,19,34,12,1.7895,0.6316,1.1579,0.7391,0.4737,0.3684,0.1579,0.6316,1.5263,0.8947
coritiba,2017,19,19,26,17,1.3684,0.8947,0.4737,0.6047,0.3684,0.2632,0.3684,0.1579,1.1053,0.9474
coritiba,2020,19,19,18,13,0.9474,0.6842,0.2632,0.5806,0.2105,0.3158,0.4737,-0.3158,0.6842,1.0000
coritiba,2022,19,19,37,5,1.9474,0.2632,1.6842,0.8810,0.5789,0.2105,0.2105,0.4737,1.3158,0.8421
coritiba,2023,19,19,16,14,0.8421,0.7368,0.1053,0.5333,0.2105,0.2105,0.5789,-0.5789,0.8947,1.4737
criciuma,2003,23,23,45,15,1.9565,0.6522,1.3043,0.7500,0.6087,0.1304,0.2609,0.5217,1.5652,1.0435
criciuma,2004,23,23,39,11,1.6957,0.4783,1.2174,0.7800,0.4783,0.2609,0.2609,0.4783,1.7826,1.3043
criciuma,2013,19,19,28,18,1.4737,0.9474,0.5263,0.6087,0.4211,0.2105,0.3684,0.0526,1.3684,1.3158
criciuma,2014,19,19,26,6,1.3684,0.3158,1.0526,0.8125,0.3684,0.2632,0.3684,-0.0526,1.0000,1.0526
criciuma,2024,19,19,23,15,1.2105,0.7895,0.4211,0.6053,0.2632,0.4211,0.3158,-0.2632,1.1579,1.4211
cruzeiro,2003,23,23,56,44,2.4348,1.9130,0.5217,0.5600,0.7391,0.2174,0.0435,1.7391,2.6522,0.9130
cruzeiro,2004,23,23,39,17,1.6957,0.7391,0.9565,0.6964,0.5217,0.1304,0.3478,0.3043,1.9565,1.6522
cruzeiro,2005,21,21,37,23,1.7619,1.0952,0.6667,0.6167,0.5238,0.1905,0.2857,0.4286,2.0476,1.6190
cruzeiro,2006,19,19,38,15,2.0000,0.7895,1.2105,0.7170,0.5263,0.4211,0.0526,0.9474,2.0000,1.0526
cruzeiro,2007,19,19,35,25,1.8421,1.3158,0.5263,0.5833,0.5789,0.1053,0.3158,0.7368,2.2632,1.5263
cruzeiro,2008,19,19,47,20,2.4737,1.0526,1.4211,0.7015,0.7895,0.1053,0.1053,1.2632,1.8421,0.5789
cruzeiro,2009,19,19,30,32,1.5789,1.6842,-0.1053,0.4839,0.4737,0.1579,0.3684,0.2632,1.5789,1.3158
cruzeiro,2010,19,19,38,31,2.0000,1.6316,0.3684,0.5507,0.5789,0.2632,0.1579,0.6316,1.4211,0.7895
cruzeiro,2011,19,19,29,14,1.5263,0.7368,0.7895,0.6744,0.4211,0.2632,0.3158,0.4211,1.6316,1.2105
cruzeiro,2012,19,19,32,20,1.6842,1.0526,0.6316,0.6154,0.4737,0.2632,0.2632,0.2105,1.3684,1.1579
cruzeiro,2013,19,19,45,31,2.3684,1.6316,0.7368,0.5921,0.7368,0.1579,0.1053,1.6316,2.4737,0.8421
cruzeiro,2014,19,19,47,33,2.4737,1.7368,0.7368,0.5875,0.7895,0.1053,0.1053,1.3684,2.2632,0.8947
cruzeiro,2015,19,19,36,19,1.8947,1.0000,0.8947,0.6545,0.5263,0.3158,0.1579,0.8947,1.4737,0.5789
cruzeiro,2016,19,19,28,23,1.4737,1.2105,0.2632,0.5490,0.3684,0.3684,0.2632,0.1579,1.5263,1.3684
cruzeiro,2017,19,19,34,23,1.7895,1.2105,0.5789,0.5965,0.4737,0.3684,0.1579,0.4737,1.3684,0.8947
cruzeiro,2018,19,19,37,16,1.9474,0.8421,1.1053,0.6981,0.5789,0.2105,0.2105,0.5789,1.3158,0.7368
cruzeiro,2019,19,19,23,13,1.2105,0.6842,0.5263,0.6389,0.2632,0.4211,0.3158,-0.2105,0.6842,0.8947
cruzeiro,2023,19,19,20,27,1.0526,1.4211,-0.3684,0.4255,0.2105,0.4211,0.3684,-0.1579,0.7368,0.8947
cruzeiro,2024,19,19,35,17,1.8421,0.8947,0.9474,0.6731,0.5263,0.2632,0.2105,0.6842,1.5263,0.8421
csa,2019,19,19,23,9,1.2105,0.4737,0.7368,0.7188,0.3158,0.2632,0.4211,-0.3684,0.8947,1.2632
cuiaba,2021,19,19,27,20,1.4211,1.0526,0.3684,0.5745,0.3684,0.3158,0.3158,-0.1053,0.9474,1.0526
cuiaba,2022,19,19,26,15,1.3684,0.7895,0.5789,0.6341,0.3158,0.4211,0.2632,0.1053,0.8947,0.7895
cuiaba,2023,19,19,24,27,1.2632,1.4211,-0.1579,0.4706,0.3158,0.3158,0.3684,0.0526,1.2105,1.1579
cuiaba,2024,19,19,14,16,0.7368,0.8421,-0.1053,0.4667,0.1579,0.2632,0.5789,-0.3684,0.8421,1.2105
figueirense,2003,23,23,41,24,1.7826,1.0435,0.7391,0.6308,0.4783,0.3478,0.1739,0.7391,1.7826,1.0435
figueirense,2004,23,23,46,17,2.0000,0.7391,1.2609,0.7302,0.5652,0.3043,0.1304,0.5652,1.3478,0.7826
figueirense,2005,21,21,38,15,1.8095,0.7143,1.0952,0.7170,0.5238,0.2381,0.2381,0.8095,1.9048,1.0952
figueirense,2006,19,19,34,23,1.7895,1.2105,0.5789,0.5965,0.4737,0.3684,0.1579,0.5263,1.3158,0.7895
figueirense,2007,19,19,35,18,1.8421,0.9474,0.8947,0.6604,0.5263,0.2632,0.2105,0.6842,1.8421,1.1579
figueirense,2008,19,19,26,18,1.3684,0.9474,0.4211,0.5909,0.3684,0.2632,0.3684,-0.1053,1.5789,1.6842
figueirense,2011,19,19,30,28,1.5789,1.4737,0.1053,0.5172,0.4211,0.3158,0.2632,0.1579,1.2105,1.0526
figueirense,2012,19,19,21,9,1.1053,0.4737,0.6316,0.7000,0.2632,0.3158,0.4211,-0.3158,1.2105,1.5263
figueirense,2014,19,19,26,21,1.3684,1.1053,0.2632,0.5532,0.3684,0.2632,0.3684,0.2105,1.2632,1.0526
figueirense,2015,19,19,27,16,1.4211,0.8421,0.5789,0.6279,0.3684,0.3158,0.3158,0.0526,0.9474,0.8947
figueirense,2016,19,19,30,7,1.5789,0.3684,1.2105,0.8108,0.3684,0.4737,0.1579,0.2632,1.1053,0.8421
flamengo,2003,23,23,47,19,2.0435,0.8261,1.2174,0.7121,0.6087,0.2174,0.1739,0.6522,1.6522,1.0000
flamengo,2004,23,23,37,17,1.6087,0.7391,0.8696,0.6852,0.4348,0.3043,0.2609,0.6957,1.4348,0.7391
flamengo,2005,21,21,32,23,1.5238,1.0952,0.4286,0.5818,0.3810,0.3810,0.2381,0.0952,1.4762,1.3810
flamengo,2006,19,19,35,17,1.8421,0.8947,0.9474,0.6731,0.5263,0.2632,0.2105,0.5263,1.4211,0.8947
flamengo,2007,19,19,40,21,2.1053,1.1053,1.0000,0.6557,0.6316,0.2105,0.1579,0.8947,1.9474,1.0526
flamengo,2008,19,19,37,27,1.9474,1.4211,0.5263,0.5781,0.5789,0.2105,0.2105,0.9474,2.2105,1.2632
flamengo,2009,19,19,41,26,2.1579,1.3684,0.7895,0.6119,0.6316,0.2632,0.1053,1.1053,1.7895,0.6842
flamengo,2010,19,19,27,17,1.4211,0.8947,0.5263,0.6136,0.3158,0.4737,0.2105,0.2632,1.2632,1.0000
flamengo,2011,19,19,34,27,1.7895,1.4211,0.3684,0.5574,0.4737,0.3684,0.1579,0.6316,1.5789,0.9474
flamengo,2012,19,19,32,18,1.6842,0.9474,0.7368,0.6400,0.4211,0.4211,0.1579,0.2632,1.2105,0.9474
flamengo,2013,19,19,31,18,1.6316,0.9474,0.6842,0.6327,0.4211,0.3684,0.2105,0.3158,1.3684,1.0526
flamengo,2014,19,19,35,17,1.8421,0.8947,0.9474,0.6731,0.5263,0.2632,0.2105,0.7368,1.5263,0.7895
flamengo,2015,19,19,27,22,1.4211,1.1579,0.2632,0.5510,0.4211,0.1579,0.4211,0.1053,1.4737,1.3684
flamengo,2016,19,19,41,30,2.1579,1.5789,0.5789,0.5775,0.6316,0.2632,0.1053,0.7895,1.6316,0.8421
flamengo,2017,19,19,36,20,1.8947,1.0526,0.8421,0.6429,0.5263,0.3158,0.1579,1.0000,1.6842,0.6842
flamengo,2018,19,19,44,28,2.3158,1.4737,0.8421,0.6111,0.7368,0.1053,0.1579,1.1579,1.5789,0.4211
flamengo,2019,19,19,53,37,2.7895,1.9474,0.8421,0.5889,0.8947,0.1053,0.0000,2.0000,2.9474,0.9474
flamengo,2020,19,19,37,34,1.9474,1.7895,0.1579,0.5211,0.5789,0.2105,0.2105,0.6316,1.8421,1.2105
flamengo,2021,19,19,40,31,2.1053,1.6316,0.4737,0.5634,0.6842,0.0526,0.2632,0.8421,1.6316,0.7895
flamengo,2022,19,19,36,26,1.8947,1.3684,0.5263,0.5806,0.5789,0.1579,0.2632,1.1579,1.9474,0.7895
flamengo,2023,19,19,35,31,1.8421,1.6316,0.2105,0.5303,0.5263,0.2632,0.2105,0.5263,1.3684,0.8421
flamengo,2024,19,19,38,32,2.0000,1.6842,0.3158,0.5429,0.5789,0.2632,0.1579,0.4737,1.5789,1.1053
fluminense,2003,23,23,40,10,1.7391,0.4348,1.3043,0.8000,0.4783,0.3043,0.2174,0.4348,1.5652,1.1304
fluminense,2004,23,23,43,24,1.8696,1.0435,0.8261,0.6418,0.5217,0.3043,0.1739,0.5217,1.4783,0.9565
fluminense,2005,21,21,37,31,1.7619,1.4762,0.2857,0.5441,0.5238,0.1905,0.2857,0.4762,2.0476,1.5714
fluminense,2006,19,19,27,18,1.4211,0.9474,0.4737,0.6000,0.3684,0.3158,0.3158,0.0526,1.2632,1.2105
fluminense,2007,19,19,32,29,1.6842,1.5263,0.1579,0.5246,0.4211,0.4211,0.1579,0.7895,1.5789,0.7895
fluminense,2008,19,19,27,18,1.4211,0.9474,0.4737,0.6000,0.3684,0.3158,0.3158,0.2632,1.2632,1.0000
fluminense,2009,19,19,31,15,1.6316,0.7895,0.8421,0.6739,0.4211,0.3684,0.2105,0.2632,1.4211,1.1579
fluminense,2010,19,19,41,30,2.1579,1.5789,0.5789,0.5775,0.6316,0.2632,0.1053,0.8421,1.6316,0.7895
fluminense,2011,19,19,36,27,1.8947,1.4211,0.4737,0.5714,0.6316,0.0000,0.3684,0.6316,1.8947,1.2632
fluminense,2012,19,19,38,39,2.0000,2.0526,-0.0526,0.4935,0.5789,0.2632,0.1579,0.6842,1.5789,0.8947
fluminense,2013,19,19,30,16,1.5789,0.8421,0.7368,0.6522,0.4211,0.3158,0.2632,0.2105,1.4737,1.2632
fluminense,2014,19,19,39,22,2.0526,1.1579,0.8947,0.6393,0.5789,0.3158,0.1053,1.1053,2.1053,1.0000
fluminense,2015,19,19,33,14,1.7368,0.7368,1.0000,0.7021,0.5263,0.1579,0.3158,0.3158,1.3158,1.0000
fluminense,2016,19,19,30,20,1.5789,1.0526,0.5263,0.6000,0.4211,0.3158,0.2632,0.3158,1.5789,1.2632
fluminense,2017,19,19,27,20,1.4211,1.0526,0.3684,0.5745,0.3684,0.3158,0.3158,0.1579,1.4211,1.2632
fluminense,2018,19,19,32,13,1.6842,0.6842,1.0000,0.7111,0.4737,0.2632,0.2632,0.3158,0.8947,0.5789
fluminense,2019,19,19,25,21,1.3158,1.1053,0.2105,0.5435,0.3158,0.3684,0.3158,0.1579,0.9474,0.7895
fluminense,2020,19,19,38,26,2.0000,1.3684,0.6316,0.5938,0.5789,0.2632,0.1579,0.8947,1.6316,0.7368
fluminense,2021,19,19,38,16,2.0000,0.8421,1.1579,0.7037,0.5789,0.2632,0.1579,0.5263,1.2632,0.7368
fluminense,2022,19,19,39,31,2.0526,1.6316,0.4211,0.5571,0.6316,0.1579,0.2105,1.0000,2.0526,1.0526
fluminense,2023,19,19,43,13,2.2632,0.6842,1.5789,0.7679,0.6842,0.2105,0.1053,0.7895,1.7368,0.9474
fluminense,2024,19,19,29,17,1.5263,0.8947,0.6316,0.6304,0.3684,0.4211,0.2105,0.2105,1.0526,0.8421
fortaleza,2003,23,23,36,13,1.5652,0.5652,1.0000,0.7347,0.4348,0.2609,0.3043,0.4783,1.6957,1.2174
fortaleza,2005,21,21,40,15,1.9048,0.7143,1.1905,0.7273,0.5714,0.1905,0.2381,0.7143,2.0952,1.3810
fortaleza,2006,19,19,20,18,1.0526,0.9474,0.1053,0.5263,0.2632,0.2632,0.4737,-0.6316,1.3158,1.9474
fortaleza,2019,19,19,35,18,1.8421,0.9474,0.8947,0.6604,0.5789,0.1053,0.3158,0.4737,1.3684,0.8947
fortaleza,2020,19,19,30,11,1.5789,0.5789,1.0000,0.7317,0.4211,0.3158,0.2632,0.2632,1.0526,0.7895
fortaleza,2021,19,19,37,21,1.9474,1.1053,0.8421,0.6379,0.5789,0.2105,0.2105,0.3684,1.3684,1.0000
fortaleza,2022,19,19,29,26,1.5263,1.3684,0.1579,0.5273,0.3684,0.4211,0.2105,0.5789,1.2632,0.6842
fortaleza,2023,19,19,33,21,1.7368,1.1053,0.6316,0.6111,0.4737,0.3158,0.2105,0.4211,1.4737,1.0526
fortaleza,2024,19,19,47,21,2.4737,1.1053,1.3684,0.6912,0.7368,0.2632,0.0000,1.2632,1.6842,0.4211
goias,2003,23,23,43,22,1.8696,0.9565,0.9130,0.6615,0.5217,0.3043,0.1739,1.0870,2.0435,0.9565
goias,2004,23,23,53,19,2.3043,0.8261,1.4783,0.7361,0.6957,0.2174,0.0870,1.4348,2.3043,0.8696
goias,2005,21,21,45,29,2.1429,1.3810,0.7619,0.6081,0.6667,0.1429,0.1905,1.0000,2.1429,1.1429
goias,2006,19,19,32,23,1.6842,1.2105,0.4737,0.5818,0.4737,0.2632,0.2632,0.6316,1.9474,1.3158
goias,2007,19,19,33,12,1.7368,0.6316,1.1053,0.7333,0.4737,0.3158,0.2105,0.3158,1.6842,1.3684
goias,2008,19,19,37,16,1.9474,0.8421,1.1053,0.6981,0.5789,0.2105,0.2105,1.0526,2.1053,1.0526
goias,2009,19,19,33,22,1.7368,1.1579,0.5789,0.6000,0.4737,0.3158,0.2105,0.3684,1.8947,1.5263
goias,2010,19,19,20,13,1.0526,0.6842,0.3684,0.6061,0.2632,0.2632,0.4737,-0.4737,1.0526,1.5263
goias,2013,19,19,36,23,1.8947,1.2105,0.6842,0.6102,0.5263,0.3158,0.1579,0.5789,1.4211,0.8421
goias,2014,19,19,34,13,1.7895,0.6842,1.1053,0.7234,0.5263,0.2105,0.2632,0.8421,1.5789,0.7368
goias,2015,19,19,25,13,1.3158,0.6842,0.6316,0.6579,0.3684,0.2105,0.4211,0.2632,1.1579,0.8947
goias,2019,19,19,36,16,1.8947,0.8421,1.0526,0.6923,0.5789,0.1579,0.2632,0.4211,1.6316,1.2105
goias,2020,19,19,23,14,1.2105,0.7368,0.4737,0.6216,0.3158,0.2632,0.4211,-0.4737,1.0000,1.4737
goias,2022,19,19,26,20,1.3684,1.0526,0.3158,0.5652,0.3158,0.4211,0.2632,-0.1053,1.0526,1.1579
goias,2023,19,19,22,16,1.1579,0.8421,0.3158,0.5789,0.2632,0.3684,0.3684,-0.3158,1.0000,1.3158
gremio,2003,23,23,36,14,1.5652,0.6087,0.9565,0.7200,0.4348,0.2609,0.3043,0.3043,1.4348,1.1304
gremio,2004,23,23,29,10,1.2609,0.4348,0.8261,0.7436,0.3043,0.3478,0.3478,0.5217,2.0435,1.5217
gremio,2006,19,19,42,25,2.2105,1.3158,0.8947,0.6269,0.6842,0.1579,0.1579,1.2632,2.1053,0.8421
gremio,2007,19,19,40,18,2.1053,0.9474,1.1579,0.6897,0.6316,0.2105,0.1579,0.7895,1.6842,0.8947
gremio,2008,19,19,46,26,2.4211,1.3684,1.0526,0.6389,0.7368,0.2105,0.0526,1.0000,1.5263,0.5263
gremio,2009,19,19,47,8,2.4737,0.4211,2.0526,0.8545,0.7368,0.2632,0.0000,1.7895,2.7895,1.0000
gremio,2010,19,19,37,26,1.9474,1.3684,0.5789,0.5873,0.5789,0.2105,0.2105,1.1053,2.1579,1.0526
gremio,2011,19,19,33,15,1.7368,0.7895,0.9474,0.6875,0.4737,0.3158,0.2105,0.5263,1.7368,1.2105
gremio,2012,19,19,43,28,2.2632,1.4737,0.7895,0.6056,0.6842,0.2105,0.1053,1.0526,1.5789,0.5263
gremio,2013,19,19,40,25,2.1053,1.3158,0.7895,0.6154,0.6316,0.2105,0.1579,0.6316,1.2632,0.6316
gremio,2014,19,19,40,21,2.1053,1.1053,1.0000,0.6557,0.6316,0.2105,0.1579,0.6842,1.2632,0.5789
gremio,2015,19,19,45,23,2.3684,1.2105,1.1579,0.6618,0.7368,0.1579,0.1053,1.0526,1.8421,0.7895
gremio,2016,19,19,37,16,1.9474,0.8421,1.1053,0.6981,0.5789,0.2105,0.2105,0.5789,1.1579,0.5789
gremio,2017,19,19,34,28,1.7895,1.4737,0.3158,0.5484,0.5263,0.2105,0.2632,0.6842,1.3684,0.6842
gremio,2018,19,19,41,25,2.1579,1.3158,0.8421,0.6212,0.6316,0.2632,0.1053,1.1579,1.8947,0.7368
gremio,2019,19,19,39,26,2.0526,1.3684,0.6842,0.6000,0.6316,0.1579,0.2105,1.0526,2.0000,0.9474
gremio,2020,19,19,36,23,1.8947,1.2105,0.6842,0.6102,0.5263,0.3158,0.1579,0.5789,1.7895,1.2105
gremio,2021,19,19,30,13,1.5789,0.6842,0.8947,0.6977,0.4211,0.3158,0.2632,0.4211,1.5263,1.1053
gremio,2023,19,19,44,24,2.3158,1.2632,1.0526,0.6471,0.7368,0.1053,0.1579,0.9474,1.7895,0.8421
gremio,2024,19,19,29,16,1.5263,0.8421,0.6842,0.6444,0.4737,0.1053,0.4211,0.0000,1.3684,1.3684
gremio-prudente,2010,19,19,20,11,1.0526,0.5789,0.4737,0.6452,0.2632,0.2632,0.4737,0.0000,1.3158,1.3158
guarani,2003,23,23,48,13,2.0870,0.5652,1.5217,0.7869,0.6522,0.1304,0.2174,0.8261,1.9130,1.0870
guarani,2004,23,23,34,15,1.4783,0.6522,0.8261,0.6939,0.3478,0.4348,0.2174,0.2174,0.9565,0.7391
guarani,2010,19,19,30,7,1.5789,0.3684,1.2105,0.8108,0.3684,0.4737,0.1579,0.1053,0.8947,0.7895
internacional,2003,23,23,46,24,2.0000,1.0435,0.9565,0.6571,0.5652,0.3043,0.1304,0.6957,1.3913,0.6957
internacional,2004,23,23,49,18,2.1304,0.7826,1.3478,0.7313,0.6522,0.1739,0.1739,1.1304,1.8696,0.7391
internacional,2005,21,21,45,33,2.1429,1.5714,0.5714,0.5769,0.6667,0.1429,0.1905,0.8095,1.8571,1.0476
internacional,2006,19,19,36,33,1.8947,1.7368,0.1579,0.5217,0.5263,0.3158,0.1579,0.5263,1.3684,0.8421
internacional,2007,19,19,38,16,2.0000,0.8421,1.1579,0.7037,0.6316,0.1053,0.2632,0.5789,1.4211,0.8421
internacional,2008,19,19,43,11,2.2632,0.5789,1.6842,0.7963,0.6842,0.2105,0.1053,1.0526,1.6316,0.5789
internacional,2009,19,19,40,25,2.1053,1.3158,0.7895,0.6154,0.6316,0.2105,0.1579,1.2632,2.1579,0.8947
internacional,2010,19,19,34,24,1.7895,1.2632,0.5263,0.5862,0.4737,0.3684,0.1579,0.5263,1.3158,0.7895
internacional,2011,19,19,36,24,1.8947,1.2632,0.6316,0.6000,0.5263,0.3158,0.1579,0.5789,1.7895,1.2105
internacional,2012,19,19,31,21,1.6316,1.1053,0.5263,0.5962,0.4737,0.2105,0.3158,0.4737,1.4737,1.0000
internacional,2013,19,19,28,20,1.4737,1.0526,0.4211,0.5833,0.3684,0.3684,0.2632,0.3158,1.5789,1.2632
internacional,2014,19,19,45,24,2.3684,1.2632,1.1053,0.6522,0.7895,0.0000,0.2105,1.1053,1.9474,0.8421
internacional,2015,19,19,45,15,2.3684,0.7895,1.5789,0.7500,0.7368,0.1579,0.1053,1.0000,1.4737,0.4737
internacional,2016,19,19,32,11,1.6842,0.5789,1.1053,0.7442,0.4737,0.2632,0.2632,0.3158,1.1053,0.7895
internacional,2018,19,19,46,23,2.4211,1.2105,1.2105,0.6667,0.7368,0.2105,0.0526,1.1579,1.6842,0.5263
internacional,2019,19,19,39,18,2.0526,0.9474,1.1053,0.6842,0.5789,0.3158,0.1053,0.6842,1.4737,0.7895
internacional,2020,19,19,41,29,2.1579,1.5263,0.6316,0.5857,0.6316,0.2632,0.1053,0.8947,1.7895,0.8947
internacional,2021,19,19,30,18,1.5789,0.9474,0.6316,0.6250,0.4211,0.3158,0.2632,0.3684,1.5263,1.1579
internacional,2022,19,19,44,29,2.3158,1.5263,0.7895,0.6027,0.6842,0.2632,0.0526,1.3684,2.1053,0.7368
internacional,2023,19,19,32,23,1.6842,1.2105,0.4737,0.5818,0.4737,0.2632,0.2632,0.4737,1.5789,1.1053
internacional,2024,19,19,38,27,2.0000,1.4211,0.5789,0.5846,0.5789,0.2632,0.1579,0.7895,1.5789,0.7895
ipatinga,2008,19,19,30,5,1.5789,0.2632,1.3158,0.8571,0.4737,0.1579,0.3684,0.1579,1.4737,1.3158
joinville,2015,19,19,25,6,1.3158,0.3158,1.0000,0.8065,0.3158,0.3684,0.3158,0.1053,1.0000,0.8947
juventude,2003,23,23,37,13,1.6087,0.5652,1.0435,0.7400,0.3913,0.4348,0.1739,0.5652,1.5652,1.0000
juventude,2004,23,23,37,33,1.6087,1.4348,0.1739,0.5286,0.4348,0.3043,0.2609,0.3043,1.3913,1.0870
juventude,2005,21,21,41,14,1.9524,0.6667,1.2857,0.7455,0.5714,0.2381,0.1905,0.6190,1.7143,1.0952
juventude,2006,19,19,39,8,2.0526,0.4211,1.6316,0.8298,0.5789,0.3158,0.1053,0.6842,1.4737,0.7895
juventude,2007,19,19,29,12,1.5263,0.6316,0.8947,0.7073,0.3684,0.4211,0.2105,0.4211,1.3158,0.8947
juventude,2021,19,19,33,13,1.7368,0.6842,1.0526,0.7174,0.4737,0.3158,0.2105,0.2105,1.0000,0.7895
juventude,2022,19,19,15,7,0.7895,0.3684,0.4211,0.6818,0.1053,0.4737,0.4211,-0.4737,0.9474,1.4211
juventude,2024,19,19,30,15,1.5789,0.7895,0.7895,0.6667,0.4211,0.3158,0.2632,0.1579,1.4211,1.2632
nautico,2007,19,19,31,18,1.6316,0.9474,0.6842,0.6327,0.4737,0.2105,0.3158,0.6316,1.8421,1.2105
nautico,2008,19,19,32,12,1.6842,0.6316,1.0526,0.7273,0.4737,0.2632,0.2632,0.3158,1.4211,1.1053
nautico,2009,19,19,28,10,1.4737,0.5263,0.9474,0.7368,0.4211,0.2105,0.3684,0.2105,1.2632,1.0526
nautico,2012,19,19,42,7,2.2105,0.3684,1.8421,0.8571,0.6842,0.1579,0.1579,0.9474,1.6316,0.6842
nautico,2013,19,19,12,8,0.6316,0.4211,0.2105,0.6000,0.1579,0.1579,0.6842,-1.1053,0.7368,1.8421
palmeiras,2004,23,23,41,38,1.7826,1.6522,0.1304,0.5190,0.5217,0.2174,0.2609,0.4783,1.6957,1.2174
palmeiras,2005,21,21,46,24,2.1905,1.1429,1.0476,0.6571,0.6667,0.1905,0.1429,0.8095,2.1905,1.3810
palmeiras,2006,19,19,34,10,1.7895,0.5263,1.2632,0.7727,0.5263,0.2105,0.2632,0.5789,2.0000,1.4211
palmeiras,2007,19,19,33,25,1.7368,1.3158,0.4211,0.5690,0.5263,0.1579,0.3158,0.3158,1.4211,1.1053
palmeiras,2008,19,19,44,21,2.3158,1.1053,1.2105,0.6769,0.7368,0.1053,0.1579,1.0526,1.9474,0.8947
palmeiras,2009,19,19,40,22,2.1053,1.1579,0.9474,0.6452,0.5789,0.3684,0.0526,0.8421,1.8421,1.0000
palmeiras,2010,19,19,29,21,1.5263,1.1053,0.4211,0.5800,0.4211,0.2632,0.3158,0.1579,1.3684,1.2105
palmeiras,2011,19,19,33,17,1.7368,0.8947,0.8421,0.6600,0.4737,0.3158,0.2105,0.4737,1.3158,0.8421
palmeiras,2012,19,19,23,11,1.2105,0.5789,0.6316,0.6765,0.3158,0.2632,0.4211,0.1579,1.2632,1.1053
palmeiras,2014,19,19,25,15,1.3158,0.7895,0.5263,0.6250,0.3684,0.2105,0.4211,-0.1053,1.1053,1.2105
palmeiras,2015,19,19,31,22,1.6316,1.1579,0.4737,0.5849,0.4737,0.2105,0.3158,0.4211,1.6316,1.2105
palmeiras,2016,19,19,46,34,2.4211,1.7895,0.6316,0.5750,0.7368,0.2105,0.0526,1.1579,1.8421,0.6842
palmeiras,2017,19,19,39,24,2.0526,1.2632,0.7895,0.6190,0.6316,0.1579,0.2105,1.0000,1.8421,0.8421
palmeiras,2018,19,19,50,30,2.6316,1.5789,1.0526,0.6250,0.8421,0.1053,0.0526,1.5263,2.2105,0.6842
palmeiras,2019,19,19,43,31,2.2632,1.6316,0.6316,0.5811,0.6842,0.2105,0.1053,1.4211,2.1053,0.6842
palmeiras,2020,19,19,35,23,1.8421,1.2105,0.6316,0.6034,0.4737,0.4211,0.1053,0.8947,1.7368,0.8421
palmeiras,2021,19,19,36,30,1.8947,1.5789,0.3158,0.5455,0.5789,0.1579,0.2632,0.3684,1.7368,1.3684
palmeiras,2022,19,19,43,38,2.2632,2.0000,0.2632,0.5309,0.6842,0.2105,0.1053,1.4211,2.0526,0.6316
palmeiras,2023,19,19,44,26,2.3158,1.3684,0.9474,0.6286,0.7368,0.1053,0.1579,1.2105,1.8421,0.6316
palmeiras,2024,19,19,38,35,2.0000,1.8421,0.1579,0.5205,0.6316,0.1053,0.2632,0.9474,1.7895,0.8421
parana,2003,23,23,45,20,1.9565,0.8696,1.0870,0.6923,0.5652,0.2609,0.1739,1.0870,2.3913,1.3043
parana,2004,23,23,38,16,1.6522,0.6957,0.9565,0.7037,0.5217,0.0870,0.3913,0.1739,1.2174,1.0435
parana,2005,21,21,37,24,1.7619,1.1429,0.6190,0.6066,0.5238,0.1905,0.2857,0.6667,1.8571,1.1905
parana,2006,19,19,40,20,2.1053,1.0526,1.0526,0.6667,0.6316,0.2105,0.1579,0.7368,1.4211,0.6842
parana,2007,19,19,28,13,1.4737,0.6842,0.7895,0.6829,0.4211,0.2105,0.3684,0.1579,1.2632,1.1053
parana,2018,19,19,19,4,1.0000,0.2105,0.7895,0.8261,0.1579,0.5263,0.3158,-0.5263,0.6842,1.2105
paysandu,2003,23,23,46,11,2.0000,0.4783,1.5217,0.8070,0.5652,0.3043,0.1304,1.1739,2.3043,1.1304
paysandu,2004,23,23,43,13,1.8696,0.5652,1.3043,0.7679,0.5217,0.3043,0.1739,0.5652,1.8261,1.2609
paysandu,2005,21,21,32,9,1.5238,0.4286,1.0952,0.7805,0.4762,0.0952,0.4286,0.0952,1.7619,1.6667
ponte-preta,2003,23,23,31,20,1.3478,0.8696,0.4783,0.6078,0.3043,0.4348,0.2609,0.0870,1.6087,1.5217
ponte-preta,2004,23,23,37,27,1.6087,1.1739,0.4348,0.5781,0.4783,0.1739,0.3478,0.0000,1.1739,1.1739
ponte-preta,2005,21,21,36,15,1.7143,0.7143,1.0000,0.7059,0.5238,0.1429,0.3333,0.0952,1.8571,1.7619
ponte-preta,2006,19,19,27,12,1.4211,0.6316,0.7895,0.6923,0.4211,0.1579,0.4211,0.1579,1.6316,1.4737
ponte-preta,2012,19,19,34,14,1.7895,0.7368,1.0526,0.7083,0.4737,0.3684,0.1579,0.4211,1.1579,0.7368
ponte-preta,2013,19,19,22,15,1.1579,0.7895,0.3684,0.5946,0.3158,0.2105,0.4737,-0.3684,1.0000,1.3684
ponte-preta,2015,19,19,31,20,1.6316,1.0526,0.5789,0.6078,0.4737,0.2105,0.3158,0.3684,1.1579,0.7895
ponte-preta,2016,19,19,41,12,2.1579,0.6316,1.5263,0.7736,0.6842,0.1053,0.2105,0.7895,1.7368,0.9474
ponte-preta,2017,19,19,30,9,1.5789,0.4737,1.1053,0.7692,0.4737,0.1579,0.3684,0.2632,1.3684,1.1053
portuguesa,2008,19,19,32,6,1.6842,0.3158,1.3684,0.8421,0.4211,0.4211,0.1579,0.5263,1.7368,1.2105
portuguesa,2012,19,19,29,16,1.5263,0.8421,0.6842,0.6444,0.3684,0.4211,0.2105,0.5789,1.3158,0.7368
portuguesa,2013,19,19,34,14,1.7895,0.7368,1.0526,0.7083,0.4737,0.3684,0.1579,0.7895,1.6842,0.8947
santa-cruz,2006,19,19,22,6,1.1579,0.3158,0.8421,0.7857,0.3158,0.2105,0.4737,-0.4211,1.2105,1.6316
santa-cruz,2016,19,19,23,8,1.2105,0.4211,0.7895,0.7419,0.3684,0.1053,0.5263,0.0000,1.4211,1.4211
santo-andre,2009,19,19,29,12,1.5263,0.6316,0.8947,0.7073,0.4211,0.2632,0.3158,0.2105,1.5263,1.3158
santos,2003,23,23,51,36,2.2174,1.5652,0.6522,0.5862,0.6522,0.2609,0.0870,1.1304,2.3913,1.2609
santos,2004,23,23,56,33,2.4348,1.4348,1.0000,0.6292,0.7826,0.0870,0.1304,1.7826,2.7826,1.0000
santos,2005,21,21,34,25,1.6190,1.1905,0.4286,0.5763,0.4286,0.3333,0.2381,0.3333,1.4762,1.1429
santos,2006,19,19,47,17,2.4737,0.8947,1.5789,0.7344,0.7895,0.1053,0.1053,1.2105,1.8421,0.6316
santos,2007,19,19,37,25,1.9474,1.3158,0.6316,0.5968,0.5789,0.2105,0.2105,0.8947,1.8947,1.0000
santos,2008,19,19,33,12,1.7368,0.6316,1.1053,0.7333,0.4737,0.3158,0.2105,0.6842,1.7895,1.1053
santos,2009,19,19,30,19,1.5789,1.0000,0.5789,0.6122,0.4211,0.3158,0.2632,0.4211,1.8421,1.4211
santos,2010,19,19,35,21,1.8421,1.1053,0.7368,0.6250,0.5263,0.2632,0.2105,0.8421,1.6842,0.8421
santos,2011,19,19,35,18,1.8421,0.9474,0.8947,0.6604,0.5263,0.2632,0.2105,0.5789,1.6316,1.0526
santos,2012,19,19,33,20,1.7368,1.0526,0.6842,0.6226,0.4211,0.4737,0.1053,0.5263,1.6842,1.1579
santos,2013,19,19,37,20,1.9474,1.0526,0.8947,0.6491,0.5263,0.3684,0.1053,0.7895,1.4737,0.6842
santos,2014,19,19,33,20,1.7368,1.0526,0.6842,0.6226,0.5263,0.1579,0.3158,0.6842,1.3158,0.6316
santos,2015,19,19,48,10,2.5263,0.5263,2.0000,0.8276,0.7895,0.1579,0.0526,1.6842,2.4737,0.7895
santos,2016,19,19,47,24,2.4737,1.2632,1.2105,0.6620,0.7895,0.1053,0.1053,1.3158,1.8947,0.5789
santos,2017,19,19,40,23,2.1053,1.2105,0.8947,0.6349,0.6316,0.2105,0.1579,0.6842,1.3158,0.6316
santos,2018,19,19,33,17,1.7368,0.8947,0.8421,0.6600,0.4737,0.3158,0.2105,0.7368,1.4737,0.7368
santos,2019,19,19,46,28,2.4211,1.4737,0.9474,0.6216,0.7368,0.2105,0.0526,1.5263,2.3158,0.7895
santos,2020,19,19,34,20,1.7895,1.0526,0.7368,0.6296,0.4737,0.3684,0.1579,0.6316,1.8421,1.2105
santos,2021,19,19,33,17,1.7368,0.8947,0.8421,0.6600,0.4737,0.3158,0.2105,0.3684,1.1053,0.7368
santos,2022,19,19,29,18,1.5263,0.9474,0.5789,0.6170,0.4211,0.2632,0.3158,0.4737,1.4737,1.0000
santos,2023,19,19,25,18,1.3158,0.9474,0.3684,0.5814,0.3158,0.3684,0.3158,-0.1053,1.3684,1.4737
sao-caetano,2003,23,23,50,21,2.1739,0.9130,1.2609,0.7042,0.6522,0.2174,0.1304,1.0435,1.6522,0.6087
sao-caetano,2004,23,23,48,29,2.0870,1.2609,0.8261,0.6234,0.6522,0.1304,0.2174,0.8696,1.6087,0.7391
sao-caetano,2005,21,21,27,25,1.2857,1.1905,0.0952,0.5192,0.3333,0.2857,0.3810,0.0000,1.1905,1.1905
sao-caetano,2006,19,19,24,12,1.2632,0.6316,0.6316,0.6667,0.3158,0.3158,0.3684,0.0000,1.0526,1.0526
sao-paulo,2003,23,23,44,34,1.9130,1.4783,0.4348,0.5641,0.5652,0.2174,0.2174,0.6087,1.8261,1.2174
sao-paulo,2004,23,23,56,26,2.4348,1.1304,1.3043,0.6829,0.7391,0.2174,0.0435,1.4348,2.3043,0.8696
sao-paulo,2005,21,21,36,22,1.7143,1.0476,0.6667,0.6207,0.4762,0.2857,0.2381,0.5238,1.9048,1.3810
sao-paulo,2006,19,19,46,32,2.4211,1.6842,0.7368,0.5897,0.7368,0.2105,0.0526,1.3684,2.1053,0.7368
sao-paulo,2007,19,19,42,35,2.2105,1.8421,0.3684,0.5455,0.6842,0.1579,0.1579,1.4211,1.8421,0.4211
sao-paulo,2008,19,19,46,29,2.4211,1.5263,0.8947,0.6133,0.7368,0.2105,0.0526,1.3684,2.0000,0.6316
sao-paulo,2009,19,19,42,23,2.2105,1.2105,1.0000,0.6462,0.6316,0.3158,0.0526,1.1053,1.7895,0.6842
sao-paulo,2010,19,19,33,22,1.7368,1.1579,0.5789,0.6000,0.5263,0.1579,0.3158,0.2105,1.6316,1.4211
sao-paulo,2011,19,19,33,26,1.7368,1.3684,0.3684,0.5593,0.4737,0.3158,0.2105,0.6842,1.6316,0.9474
sao-paulo,2012,19,19,47,19,2.4737,1.0000,1.4737,0.7121,0.7895,0.1053,0.1053,1.4211,1.9474,0.5263
sao-paulo,2013,19,19,27,23,1.4211,1.2105,0.2105,0.5400,0.4211,0.1579,0.4211,0.1579,1.2105,1.0526
sao-paulo,2014,19,19,39,31,2.0526,1.6316,0.4211,0.5571,0.5789,0.3158,0.1053,0.8421,1.6842,0.8421
sao-paulo,2015,19,19,42,20,2.2105,1.0526,1.1579,0.6774,0.6316,0.3158,0.0526,1.0000,1.8421,0.8421
sao-paulo,2016,19,19,32,20,1.6842,1.0526,0.6316,0.6154,0.4737,0.2632,0.2632,0.8421,1.5263,0.6842
sao-paulo,2017,19,19,35,15,1.8421,0.7895,1.0526,0.7000,0.4737,0.4211,0.1053,0.5789,1.5263,0.9474
sao-paulo,2018,19,19,38,25,2.0000,1.3158,0.6842,0.6032,0.5263,0.4211,0.0526,0.6316,1.3158,0.6842
sao-paulo,2019,19,19,36,27,1.8947,1.4211,0.4737,0.5714,0.5263,0.3158,0.1579,0.5789,1.2105,0.6316
sao-paulo,2020,19,19,37,29,1.9474,1.5263,0.4211,0.5606,0.5263,0.3684,0.1053,0.6842,1.5263,0.8421
sao-paulo,2021,19,19,30,18,1.5789,0.9474,0.6316,0.6250,0.3684,0.4737,0.1579,0.1579,0.9474,0.7895
sao-paulo,2022,19,19,30,24,1.5789,1.2632,0.3158,0.5556,0.4211,0.3158,0.2632,0.5789,1.6842,1.1053
sao-paulo,2023,19,19,42,11,2.2105,0.5789,1.6316,0.7925,0.6842,0.1579,0.1579,0.8421,1.5263,0.6842
sao-paulo,2024,19,19,39,20,2.0526,1.0526,1.0000,0.6610,0.6316,0.1579,0.2105,0.6842,1.6316,0.9474
sport,2007,19,19,38,13,2.0000,0.6842,1.3158,0.7451,0.5789,0.2632,0.1579,0.8947,2.1053,1.2105
sport,2008,19,19,39,13,2.0526,0.6842,1.3684,0.7500,0.5789,0.3158,0.1053,0.9474,1.7895,0.8421
sport,2009,19,19,24,7,1.2632,0.3684,0.8947,0.7742,0.3684,0.1579,0.4737,-0.0526,1.4737,1.5263
sport,2012,19,19,27,14,1.4211,0.7368,0.6842,0.6585,0.3684,0.3158,0.3158,-0.1579,1.1579,1.3158
sport,2014,19,19,36,16,1.8947,0.8421,1.0526,0.6923,0.5263,0.3158,0.1579,0.3684,1.2105,0.8421
sport,2015,19,19,44,15,2.3158,0.7895,1.5263,0.7458,0.6842,0.2632,0.0526,1.2632,1.7368,0.4737
sport,2016,19,19,35,12,1.8421,0.6316,1.2105,0.7447,0.5263,0.2632,0.2105,0.5789,1.7368,1.1579
sport,2017,19,19,28,17,1.4737,0.8947,0.5789,0.6222,0.3684,0.3684,0.2632,0.3158,1.4211,1.1053
sport,2018,19,19,30,12,1.5789,0.6316,0.9474,0.7143,0.4211,0.3158,0.2632,0.1053,1.0000,0.8947
sport,2020,19,19,26,16,1.3684,0.8421,0.5263,0.6190,0.4211,0.1053,0.4737,-0.2105,1.0000,1.2105
sport,2021,19,19,22,16,1.1579,0.8421,0.3158,0.5789,0.2632,0.3684,0.3684,0.0000,0.6842,0.6842
vasco,2003,23,23,40,14,1.7391,0.6087,1.1304,0.7407,0.4783,0.3043,0.2174,0.2609,1.3913,1.1304
vasco,2004,23,23,33,21,1.4348,0.9130,0.5217,0.6111,0.3913,0.2609,0.3478,0.2609,1.4783,1.2174
vasco,2005,21,21,39,17,1.8571,0.8095,1.0476,0.6964,0.5238,0.2857,0.1905,0.6190,2.0000,1.3810
vasco,2006,19,19,33,26,1.7368,1.3684,0.3684,0.5593,0.4211,0.4737,0.1053,0.5789,1.5789,1.0000
vasco,2007,19,19,36,18,1.8947,0.9474,0.9474,0.6667,0.5789,0.1579,0.2632,1.1579,2.1053,0.9474
vasco,2008,19,19,25,15,1.3158,0.7895,0.5263,0.6250,0.3684,0.2105,0.4211,0.2632,1.8947,1.6316
vasco,2010,19,19,36,13,1.8947,0.6842,1.2105,0.7347,0.4737,0.4737,0.0526,0.6842,1.7368,1.0526
vasco,2011,19,19,40,29,2.1053,1.5263,0.5789,0.5797,0.5789,0.3684,0.0526,1.0526,1.6842,0.6316
vasco,2012,19,19,31,27,1.6316,1.4211,0.2105,0.5345,0.4737,0.2105,0.3158,0.0526,1.4737,1.4211
vasco,2013,19,19,29,15,1.5263,0.7895,0.7368,0.6591,0.4211,0.2632,0.3158,0.1579,1.3684,1.2105
vasco,2015,19,19,21,20,1.1053,1.0526,0.0526,0.5122,0.2632,0.3158,0.4211,-0.5263,0.6842,1.2105
vasco,2017,19,19,31,25,1.6316,1.3158,0.3158,0.5536,0.4211,0.3684,0.2105,0.0000,1.1053,1.1053
vasco,2018,19,19,32,11,1.6842,0.5789,1.1053,0.7442,0.4737,0.2632,0.2632,0.2632,1.5263,1.2632
vasco,2019,19,19,27,22,1.4211,1.1579,0.2632,0.5510,0.3684,0.3158,0.3158,-0.1053,1.0526,1.1579
vasco,2020,19,19,26,15,1.3684,0.7895,0.5789,0.6341,0.3684,0.2632,0.3684,0.0000,1.1053,1.1053
vasco,2023,19,19,29,16,1.5263,0.8421,0.6842,0.6444,0.4737,0.1053,0.4211,0.0526,1.2632,1.2105
vasco,2024,19,19,35,15,1.8421,0.7895,1.0526,0.7000,0.5263,0.2632,0.2105,0.2632,1.5263,1.2632
vitoria,2003,23,23,38,18,1.6522,0.7826,0.8696,0.6786,0.4783,0.2174,0.3043,0.0870,1.3043,1.2174
vitoria,2004,23,23,41,7,1.7826,0.3043,1.4783,0.8542,0.5217,0.2174,0.2609,0.7391,2.1739,1.4348
vitoria,2008,19,19,38,14,2.0000,0.7368,1.2632,0.7308,0.5789,0.2632,0.1579,1.0526,1.8421,0.7895
vitoria,2009,19,19,38,10,2.0000,0.5263,1.4737,0.7917,0.5789,0.2632,0.1579,0.7895,2.0526,1.2632
vitoria,2010,19,19,29,13,1.5263,0.6842,0.8421,0.6905,0.3684,0.4211,0.2105,0.2632,1.5263,1.2632
vitoria,2013,19,19,39,20,2.0526,1.0526,1.0000,0.6610,0.5789,0.3158,0.1053,0.6316,1.6842,1.0526
vitoria,2014,19,19,23,15,1.2105,0.7895,0.4211,0.6053,0.3158,0.2632,0.4211,0.0526,1.2105,1.1579
vitoria,2016,19,19,28,17,1.4737,0.8947,0.5789,0.6222,0.4211,0.2105,0.3684,0.3158,1.5789,1.2632
vitoria,2017,19,19,14,29,0.7368,1.5263,-0.7895,0.3256,0.1579,0.2632,0.5789,-0.4737,1.1579,1.6316
vitoria,2018,19,19,26,11,1.3684,0.5789,0.7895,0.7027,0.3684,0.2632,0.3684,-0.1053,1.1579,1.2632
vitoria,2024,19,19,27,20,1.4211,1.0526,0.3684,0.5745,0.4211,0.1579,0.4211,0.0000,1.2105,1.2105
