temporada,clube,rodada,pts_acum,ppg_acum,rebaixado
2006,athletico-pr,10,13.0000,1.3000,0
2006,botafogo-rj,10,10.0000,1.0000,0
2006,corinthians,10,9.0000,0.9000,0
2006,cruzeiro,10,21.0000,2.1000,0
2006,figueirense,10,15.0000,1.5000,0
2006,flamengo,10,14.0000,1.4000,0
2006,fluminense,10,19.0000,1.9000,0
2006,fortaleza,10,10.0000,1.0000,1
2006,goias,10,17.0000,1.7000,0
2006,gremio,10,15.0000,1.5000,0
2006,internacional,10,21.0000,2.1000,0
2006,juventude,10,14.0000,1.4000,0
2006,palmeiras,10,4.0000,0.4000,0
2006,parana,10,15.0000,1.5000,0
2006,ponte-preta,10,14.0000,1.4000,1
2006,santa-cruz,10,3.0000,0.3000,1
2006,santos,10,18.0000,1.8000,0
2006,sao-caetano,10,11.0000,1.1000,1
2006,sao-paulo,10,20.0000,2.0000,0
2006,vasco,10,13.0000,1.3000,0
2006,athletico-pr,15,17.0000,1.1333,0
2006,botafogo-rj,15,17.0000,1.1333,0
2006,corinthians,15,13.0000,0.8667,0
2006,cruzeiro,15,26.0000,1.7333,0
2006,figueirense,15,22.0000,1.4667,0
2006,flamengo,15,17.0000,1.1333,0
2006,fluminense,15,25.0000,1.6667,0
2006,fortaleza,15,14.0000,0.9333,1
2006,goias,15,19.0000,1.2667,0
2006,gremio,15,20.0000,1.3333,0
2006,internacional,15,26.0000,1.7333,0
2006,juventude,15,20.0000,1.3333,0
2006,palmeiras,15,17.0000,1.1333,0
2006,parana,15,27.0000,1.8000,0
2006,ponte-preta,15,18.0000,1.2000,1
2006,santa-cruz,15,16.0000,1.0667,1
2006,santos,15,27.0000,1.8000,0
2006,sao-caetano,15,18.0000,1.2000,1
2006,sao-paulo,15,30.0000,2.0000,0
2006,vasco,15,22.0000,1.4667,0
2006,athletico-pr,20,25.0000,1.2500,0
2006,botafogo-rj,20,24.0000,1.2000,0
2006,corinthians,20,20.0000,1.0000,0
2006,cruzeiro,20,30.0000,1.5000,0
2006,figueirense,20,30.0000,1.5000,0
2006,flamengo,20,24.0000,1.2000,0
2006,fluminense,20,29.0000,1.4500,0
2006,fortaleza,20,20.0000,1.0000,1
2006,goias,20,21.0000,1.0500,0
2006,gremio,20,32.0000,1.6000,0
2006,internacional,20,34.0000,1.7000,0
2006,juventude,20,26.0000,1.3000,0
2006,palmeiras,20,26.0000,1.3000,0
2006,parana,20,31.0000,1.5500,0
2006,ponte-preta,20,23.0000,1.1500,1
2006,santa-cruz,20,18.0000,0.9000,1
2006,santos,20,35.0000,1.7500,0
2006,sao-caetano,20,25.0000,1.2500,1
2006,sao-paulo,20,39.0000,1.9500,0
2006,vasco,20,32.0000,1.6000,0
2006,athletico-pr,25,32.0000,1.2800,0
2006,botafogo-rj,25,33.0000,1.3200,0
2006,corinthians,25,31.0000,1.2400,0
2006,cruzeiro,25,34.0000,1.3600,0
2006,figueirense,25,36.0000,1.4400,0
2006,flamengo,25,33.0000,1.3200,0
2006,fluminense,25,34.0000,1.3600,0
2006,fortaleza,25,23.0000,0.9200,1
2006,goias,25,30.0000,1.2000,0
2006,gremio,25,45.0000,1.8000,0
2006,internacional,25,43.0000,1.7200,0
2006,juventude,25,35.0000,1.4000,0
2006,palmeiras,25,30.0000,1.2000,0
2006,parana,25,37.0000,1.4800,0
2006,ponte-preta,25,30.0000,1.2000,1
2006,santa-cruz,25,21.0000,0.8400,1
2006,santos,25,40.0000,1.6000,0
2006,sao-caetano,25,26.0000,1.0400,1
2006,sao-paulo,25,50.0000,2.0000,0
2006,vasco,25,37.0000,1.4800,0
2006,athletico-pr,30,40.0000,1.3333,0
2006,botafogo-rj,30,43.0000,1.4333,0
2006,corinthians,30,35.0000,1.1667,0
2006,cruzeiro,30,42.0000,1.4000,0
2006,figueirense,30,43.0000,1.4333,0
2006,flamengo,30,42.0000,1.4000,0
2006,fluminense,30,35.0000,1.1667,0
2006,fortaleza,30,28.0000,0.9333,1
2006,goias,30,42.0000,1.4000,0
2006,gremio,30,52.0000,1.7333,0
2006,internacional,30,53.0000,1.7667,0
2006,juventude,30,39.0000,1.3000,0
2006,palmeiras,30,37.0000,1.2333,0
2006,parana,30,49.0000,1.6333,0
2006,ponte-preta,30,33.0000,1.1000,1
2006,santa-cruz,30,24.0000,0.8000,1
2006,santos,30,52.0000,1.7333,0
2006,sao-caetano,30,26.0000,0.8667,1
2006,sao-paulo,30,60.0000,2.0000,0
2006,vasco,30,47.0000,1.5667,0
2006,athletico-pr,35,46.0000,1.3143,0
2006,botafogo-rj,35,49.0000,1.4000,0
2006,corinthians,35,48.0000,1.3714,0
2006,cruzeiro,35,49.0000,1.4000,0
2006,figueirense,35,50.0000,1.4286,0
2006,flamengo,35,49.0000,1.4000,0
2006,fluminense,35,40.0000,1.1429,0
2006,fortaleza,35,31.0000,0.8857,1
2006,goias,35,48.0000,1.3714,0
2006,gremio,35,61.0000,1.7429,0
2006,internacional,35,66.0000,1.8857,0
2006,juventude,35,43.0000,1.2286,0
2006,palmeiras,35,43.0000,1.2286,0
2006,parana,35,53.0000,1.5143,0
2006,ponte-preta,35,38.0000,1.0857,1
2006,santa-cruz,35,28.0000,0.8000,1
2006,santos,35,59.0000,1.6857,0
2006,sao-caetano,35,36.0000,1.0286,1
2006,sao-paulo,35,73.0000,2.0857,0
2006,vasco,35,54.0000,1.5429,0
2007,america-rn,10,7.0000,0.7000,1
2007,athletico-pr,10,13.0000,1.3000,0
2007,atletico-mg,10,13.0000,1.3000,0
2007,botafogo-rj,10,21.0000,2.1000,0
2007,corinthians,10,16.0000,1.6000,1
2007,cruzeiro,10,13.0000,1.3000,0
2007,figueirense,10,14.0000,1.4000,0
2007,flamengo,10,16.0000,1.6000,0
2007,fluminense,10,14.0000,1.4000,0
2007,goias,10,19.0000,1.9000,0
2007,gremio,10,16.0000,1.6000,0
2007,internacional,10,11.0000,1.1000,0
2007,juventude,10,10.0000,1.0000,1
2007,nautico,10,6.0000,0.6000,0
2007,palmeiras,10,17.0000,1.7000,0
2007,parana,10,16.0000,1.6000,1
2007,santos,10,11.0000,1.1000,0
2007,sao-paulo,10,17.0000,1.7000,0
2007,sport,10,11.0000,1.1000,0
2007,vasco,10,14.0000,1.4000,0
2007,america-rn,15,10.0000,0.6667,1
2007,athletico-pr,15,18.0000,1.2000,0
2007,atletico-mg,15,22.0000,1.4667,0
2007,botafogo-rj,15,28.0000,1.8667,0
2007,corinthians,15,19.0000,1.2667,1
2007,cruzeiro,15,23.0000,1.5333,0
2007,figueirense,15,19.0000,1.2667,0
2007,flamengo,15,23.0000,1.5333,0
2007,fluminense,15,21.0000,1.4000,0
2007,goias,15,23.0000,1.5333,0
2007,gremio,15,25.0000,1.6667,0
2007,internacional,15,23.0000,1.5333,0
2007,juventude,15,15.0000,1.0000,1
2007,nautico,15,13.0000,0.8667,0
2007,palmeiras,15,23.0000,1.5333,0
2007,parana,15,22.0000,1.4667,1
2007,santos,15,18.0000,1.2000,0
2007,sao-paulo,15,27.0000,1.8000,0
2007,sport,15,18.0000,1.2000,0
2007,vasco,15,23.0000,1.5333,0
2007,america-rn,20,10.0000,0.5000,1
2007,athletico-pr,20,23.0000,1.1500,0
2007,atletico-mg,20,28.0000,1.4000,0
2007,botafogo-rj,20,34.0000,1.7000,0
2007,corinthians,20,27.0000,1.3500,1
2007,cruzeiro,20,35.0000,1.7500,0
2007,figueirense,20,25.0000,1.2500,0
2007,flamengo,20,29.0000,1.4500,0
2007,fluminense,20,26.0000,1.3000,0
2007,goias,20,30.0000,1.5000,0
2007,gremio,20,31.0000,1.5500,0
2007,internacional,20,28.0000,1.4000,0
2007,juventude,20,17.0000,0.8500,1
2007,nautico,20,20.0000,1.0000,0
2007,palmeiras,20,33.0000,1.6500,0
2007,parana,20,24.0000,1.2000,1
2007,santos,20,30.0000,1.5000,0
2007,sao-paulo,20,40.0000,2.0000,0
2007,sport,20,27.0000,1.3500,0
2007,vasco,20,34.0000,1.7000,0
2007,america-rn,25,11.0000,0.4400,1
2007,athletico-pr,25,29.0000,1.1600,0
2007,atletico-mg,25,32.0000,1.2800,0
2007,botafogo-rj,25,39.0000,1.5600,0
2007,corinthians,25,33.0000,1.3200,1
2007,cruzeiro,25,45.0000,1.8000,0
2007,figueirense,25,31.0000,1.2400,0
2007,flamengo,25,37.0000,1.4800,0
2007,fluminense,25,37.0000,1.4800,0
2007,goias,25,33.0000,1.3200,0
2007,gremio,25,38.0000,1.5200,0
2007,internacional,25,35.0000,1.4000,0
2007,juventude,25,26.0000,1.0400,1
2007,nautico,25,27.0000,1.0800,0
2007,palmeiras,25,40.0000,1.6000,0
2007,parana,25,31.0000,1.2400,1
2007,santos,25,42.0000,1.6800,0
2007,sao-paulo,25,53.0000,2.1200,0
2007,sport,25,33.0000,1.3200,0
2007,vasco,25,39.0000,1.5600,0
2007,america-rn,30,16.0000,0.5333,1
2007,athletico-pr,30,41.0000,1.3667,0
2007,atletico-mg,30,37.0000,1.2333,0
2007,botafogo-rj,30,42.0000,1.4000,0
2007,corinthians,30,37.0000,1.2333,1
2007,cruzeiro,30,52.0000,1.7333,0
2007,figueirense,30,41.0000,1.3667,0
2007,flamengo,30,43.0000,1.4333,0
2007,fluminense,30,47.0000,1.5667,0
2007,goias,30,38.0000,1.2667,0
2007,gremio,30,48.0000,1.6000,0
2007,internacional,30,40.0000,1.3333,0
2007,juventude,30,30.0000,1.0000,1
2007,nautico,30,39.0000,1.3000,0
2007,palmeiras,30,50.0000,1.6667,0
2007,parana,30,34.0000,1.1333,1
2007,santos,30,51.0000,1.7000,0
2007,sao-paulo,30,63.0000,2.1000,0
2007,sport,30,42.0000,1.4000,0
2007,vasco,30,40.0000,1.3333,0
2007,america-rn,35,17.0000,0.4857,1
2007,athletico-pr,35,50.0000,1.4286,0
2007,atletico-mg,35,46.0000,1.3143,0
2007,botafogo-rj,35,50.0000,1.4286,0
2007,corinthians,35,42.0000,1.2000,1
2007,cruzeiro,35,57.0000,1.6286,0
2007,figueirense,35,48.0000,1.3714,0
2007,flamengo,35,55.0000,1.5714,0
2007,fluminense,35,55.0000,1.5714,0
2007,goias,35,41.0000,1.1714,0
2007,gremio,35,54.0000,1.5429,0
2007,internacional,35,48.0000,1.3714,0
2007,juventude,35,38.0000,1.0857,1
2007,nautico,35,43.0000,1.2286,0
2007,palmeiras,35,55.0000,1.5714,0
2007,parana,35,41.0000,1.1714,1
2007,santos,35,59.0000,1.6857,0
2007,sao-paulo,35,73.0000,2.0857,0
2007,sport,35,47.0000,1.3429,0
2007,vasco,35,47.0000,1.3429,0
2008,athletico-pr,10,12.0000,1.2000,0
2008,atletico-mg,10,12.0000,1.2000,0
2008,botafogo-rj,10,11.0000,1.1000,0
2008,coritiba,10,13.0000,1.3000,0
2008,cruzeiro,10,18.0000,1.8000,0
2008,figueirense,10,13.0000,1.3000,1
2008,flamengo,10,23.0000,2.3000,0
2008,fluminense,10,6.0000,0.6000,0
2008,goias,10,9.0000,0.9000,0
2008,gremio,10,18.0000,1.8000,0
2008,internacional,10,14.0000,1.4000,0
2008,ipatinga,10,7.0000,0.7000,1
2008,nautico,10,17.0000,1.7000,0
2008,palmeiras,10,18.0000,1.8000,0
2008,portuguesa,10,12.0000,1.2000,1
2008,santos,10,7.0000,0.7000,0
2008,sao-paulo,10,14.0000,1.4000,0
2008,sport,10,11.0000,1.1000,0
2008,vasco,10,14.0000,1.4000,1
2008,vitoria,10,20.0000,2.0000,0
2008,athletico-pr,15,17.0000,1.1333,0
2008,atletico-mg,15,18.0000,1.2000,0
2008,botafogo-rj,15,19.0000,1.2667,0
2008,coritiba,15,23.0000,1.5333,0
2008,cruzeiro,15,27.0000,1.8000,0
2008,figueirense,15,20.0000,1.3333,1
2008,flamengo,15,28.0000,1.8667,0
2008,fluminense,15,13.0000,0.8667,0
2008,goias,15,17.0000,1.1333,0
2008,gremio,15,29.0000,1.9333,0
2008,internacional,15,22.0000,1.4667,0
2008,ipatinga,15,13.0000,0.8667,1
2008,nautico,15,18.0000,1.2000,0
2008,palmeiras,15,25.0000,1.6667,0
2008,portuguesa,15,16.0000,1.0667,1
2008,santos,15,14.0000,0.9333,0
2008,sao-paulo,15,26.0000,1.7333,0
2008,sport,15,21.0000,1.4000,0
2008,vasco,15,16.0000,1.0667,1
2008,vitoria,15,26.0000,1.7333,0
2008,athletico-pr,20,23.0000,1.1500,0
2008,atletico-mg,20,24.0000,1.2000,0
2008,botafogo-rj,20,34.0000,1.7000,0
2008,coritiba,20,32.0000,1.6000,0
2008,cruzeiro,20,39.0000,1.9500,0
2008,figueirense,20,28.0000,1.4000,1
2008,flamengo,20,32.0000,1.6000,0
2008,fluminense,20,19.0000,0.9500,0
2008,goias,20,26.0000,1.3000,0
2008,gremio,20,44.0000,2.2000,0
2008,internacional,20,26.0000,1.3000,0
2008,ipatinga,20,16.0000,0.8000,1
2008,nautico,20,21.0000,1.0500,0
2008,palmeiras,20,37.0000,1.8500,0
2008,portuguesa,20,22.0000,1.1000,1
2008,santos,20,18.0000,0.9000,0
2008,sao-paulo,20,33.0000,1.6500,0
2008,sport,20,27.0000,1.3500,0
2008,vasco,20,22.0000,1.1000,1
2008,vitoria,20,32.0000,1.6000,0
2008,athletico-pr,25,26.0000,1.0400,0
2008,atletico-mg,25,30.0000,1.2000,0
2008,botafogo-rj,25,42.0000,1.6800,0
2008,coritiba,25,37.0000,1.4800,0
2008,cruzeiro,25,43.0000,1.7200,0
2008,figueirense,25,28.0000,1.1200,1
2008,flamengo,25,40.0000,1.6000,0
2008,fluminense,25,25.0000,1.0000,0
2008,goias,25,36.0000,1.4400,0
2008,gremio,25,49.0000,1.9600,0
2008,internacional,25,36.0000,1.4400,0
2008,ipatinga,25,24.0000,0.9600,1
2008,nautico,25,29.0000,1.1600,0
2008,palmeiras,25,46.0000,1.8400,0
2008,portuguesa,25,23.0000,0.9200,1
2008,santos,25,29.0000,1.1600,0
2008,sao-paulo,25,42.0000,1.6800,0
2008,sport,25,38.0000,1.5200,0
2008,vasco,25,26.0000,1.0400,1
2008,vitoria,25,40.0000,1.6000,0
2008,athletico-pr,30,28.0000,0.9333,0
2008,atletico-mg,30,37.0000,1.2333,0
2008,botafogo-rj,30,46.0000,1.5333,0
2008,coritiba,30,46.0000,1.5333,0
2008,cruzeiro,30,55.0000,1.8333,0
2008,figueirense,30,34.0000,1.1333,1
2008,flamengo,30,52.0000,1.7333,0
2008,fluminense,30,31.0000,1.0333,0
2008,goias,30,45.0000,1.5000,0
2008,gremio,30,56.0000,1.8667,0
2008,internacional,30,46.0000,1.5333,0
2008,ipatinga,30,28.0000,0.9333,1
2008,nautico,30,31.0000,1.0333,0
2008,palmeiras,30,55.0000,1.8333,0
2008,portuguesa,30,31.0000,1.0333,1
2008,santos,30,36.0000,1.2000,0
2008,sao-paulo,30,53.0000,1.7667,0
2008,sport,30,41.0000,1.3667,0
2008,vasco,30,27.0000,0.9000,1
2008,vitoria,30,44.0000,1.4667,0
2008,athletico-pr,35,41.0000,1.1714,0
2008,atletico-mg,35,47.0000,1.3429,0
2008,botafogo-rj,35,49.0000,1.4000,0
2008,coritiba,35,50.0000,1.4286,0
2008,cruzeiro,35,61.0000,1.7429,0
2008,figueirense,35,35.0000,1.0000,1
2008,flamengo,35,63.0000,1.8000,0
2008,fluminense,35,40.0000,1.1429,0
2008,goias,35,51.0000,1.4571,0
2008,gremio,35,66.0000,1.8857,0
2008,internacional,35,51.0000,1.4571,0
2008,ipatinga,35,34.0000,0.9714,1
2008,nautico,35,40.0000,1.1429,0
2008,palmeiras,35,61.0000,1.7429,0
2008,portuguesa,35,36.0000,1.0286,1
2008,santos,35,43.0000,1.2286,0
2008,sao-paulo,35,68.0000,1.9429,0
2008,sport,35,45.0000,1.2857,0
2008,vasco,35,37.0000,1.0571,1
2008,vitoria,35,45.0000,1.2857,0
2009,athletico-pr,10,11.0000,1.1000,0
2009,atletico-mg,10,21.0000,2.1000,0
2009,avai,10,7.0000,0.7000,0
2009,barueri,10,17.0000,1.7000,0
2009,botafogo-rj,10,10.0000,1.0000,0
2009,corinthians,10,14.0000,1.4000,0
2009,coritiba,10,10.0000,1.0000,1
2009,cruzeiro,10,10.0000,1.0000,0
2009,flamengo,10,15.0000,1.5000,0
2009,fluminense,10,10.0000,1.0000,0
2009,goias,10,14.0000,1.4000,0
2009,gremio,10,15.0000,1.5000,0
2009,internacional,10,20.0000,2.0000,0
2009,nautico,10,8.0000,0.8000,1
2009,palmeiras,10,19.0000,1.9000,0
2009,santo-andre,10,14.0000,1.4000,1
2009,santos,10,13.0000,1.3000,0
2009,sao-paulo,10,11.0000,1.1000,0
2009,sport,10,11.0000,1.1000,1
2009,vitoria,10,19.0000,1.9000,0
2009,athletico-pr,15,12.0000,0.8000,0
2009,atletico-mg,15,28.0000,1.8667,0
2009,avai,15,22.0000,1.4667,0
2009,barueri,15,22.0000,1.4667,0
2009,botafogo-rj,15,17.0000,1.1333,0
2009,corinthians,15,24.0000,1.6000,0
2009,coritiba,15,16.0000,1.0667,1
2009,cruzeiro,15,18.0000,1.2000,0
2009,flamengo,15,23.0000,1.5333,0
2009,fluminense,15,11.0000,0.7333,0
2009,goias,15,26.0000,1.7333,0
2009,gremio,15,21.0000,1.4000,0
2009,internacional,15,27.0000,1.8000,0
2009,nautico,15,11.0000,0.7333,1
2009,palmeiras,15,31.0000,2.0667,0
2009,santo-andre,15,18.0000,1.2000,1
2009,santos,15,20.0000,1.3333,0
2009,sao-paulo,15,21.0000,1.4000,0
2009,sport,15,13.0000,0.8667,1
2009,vitoria,15,24.0000,1.6000,0
2009,athletico-pr,20,24.0000,1.2000,0
2009,atletico-mg,20,33.0000,1.6500,0
2009,avai,20,31.0000,1.5500,0
2009,barueri,20,31.0000,1.5500,0
2009,botafogo-rj,20,21.0000,1.0500,0
2009,corinthians,20,31.0000,1.5500,0
2009,coritiba,20,22.0000,1.1000,1
2009,cruzeiro,20,25.0000,1.2500,0
2009,flamengo,20,27.0000,1.3500,0
2009,fluminense,20,15.0000,0.7500,0
2009,goias,20,35.0000,1.7500,0
2009,gremio,20,28.0000,1.4000,0
2009,internacional,20,37.0000,1.8500,0
2009,nautico,20,21.0000,1.0500,1
2009,palmeiras,20,37.0000,1.8500,0
2009,santo-andre,20,21.0000,1.0500,1
2009,santos,20,29.0000,1.4500,0
2009,sao-paulo,20,36.0000,1.8000,0
2009,sport,20,13.0000,0.6500,1
2009,vitoria,20,28.0000,1.4000,0
2009,athletico-pr,25,31.0000,1.2400,0
2009,atletico-mg,25,41.0000,1.6400,0
2009,avai,25,37.0000,1.4800,0
2009,barueri,25,36.0000,1.4400,0
2009,botafogo-rj,25,25.0000,1.0000,0
2009,corinthians,25,37.0000,1.4800,0
2009,coritiba,25,27.0000,1.0800,1
2009,cruzeiro,25,32.0000,1.2800,0
2009,flamengo,25,37.0000,1.4800,0
2009,fluminense,25,18.0000,0.7200,0
2009,goias,25,42.0000,1.6800,0
2009,gremio,25,39.0000,1.5600,0
2009,internacional,25,43.0000,1.7200,0
2009,nautico,25,26.0000,1.0400,1
2009,palmeiras,25,47.0000,1.8800,0
2009,santo-andre,25,25.0000,1.0000,1
2009,santos,25,36.0000,1.4400,0
2009,sao-paulo,25,44.0000,1.7600,0
2009,sport,25,20.0000,0.8000,1
2009,vitoria,25,36.0000,1.4400,0
2009,athletico-pr,30,39.0000,1.3000,0
2009,atletico-mg,30,50.0000,1.6667,0
2009,avai,30,43.0000,1.4333,0
2009,barueri,30,41.0000,1.3667,0
2009,botafogo-rj,30,32.0000,1.0667,0
2009,corinthians,30,42.0000,1.4000,0
2009,coritiba,30,34.0000,1.1333,1
2009,cruzeiro,30,45.0000,1.5000,0
2009,flamengo,30,48.0000,1.6000,0
2009,fluminense,30,26.0000,0.8667,0
2009,goias,30,46.0000,1.5333,0
2009,gremio,30,44.0000,1.4667,0
2009,internacional,30,49.0000,1.6333,0
2009,nautico,30,29.0000,0.9667,1
2009,palmeiras,30,54.0000,1.8000,0
2009,santo-andre,30,29.0000,0.9667,1
2009,santos,30,41.0000,1.3667,0
2009,sao-paulo,30,49.0000,1.6333,0
2009,sport,30,28.0000,0.9333,1
2009,vitoria,30,44.0000,1.4667,0
2009,athletico-pr,35,43.0000,1.2286,0
2009,atletico-mg,35,56.0000,1.6000,0
2009,avai,35,53.0000,1.5143,0
2009,barueri,35,48.0000,1.3714,0
2009,botafogo-rj,35,41.0000,1.1714,0
2009,corinthians,35,49.0000,1.4000,0
2009,coritiba,35,44.0000,1.2571,1
2009,cruzeiro,35,55.0000,1.5714,0
2009,flamengo,35,60.0000,1.7143,0
2009,fluminense,35,39.0000,1.1143,0
2009,goias,35,50.0000,1.4286,0
2009,gremio,35,49.0000,1.4000,0
2009,internacional,35,56.0000,1.6000,0
2009,nautico,35,35.0000,1.0000,1
2009,palmeiras,35,59.0000,1.6857,0
2009,santo-andre,35,35.0000,1.0000,1
2009,santos,35,45.0000,1.2857,0
2009,sao-paulo,35,62.0000,1.7714,0
2009,sport,35,31.0000,0.8857,1
2009,vitoria,35,44.0000,1.2571,0
2010,athletico-pr,10,10.0000,1.0000,0
2010,atletico-go,10,7.0000,0.7000,0
2010,atletico-mg,10,9.0000,0.9000,0
2010,avai,10,15.0000,1.5000,0
2010,botafogo-rj,10,11.0000,1.1000,0
2010,ceara,10,19.0000,1.9000,0
2010,corinthians,10,21.0000,2.1000,0
2010,cruzeiro,10,15.0000,1.5000,0
2010,flamengo,10,16.0000,1.6000,0
2010,fluminense,10,22.0000,2.2000,0
2010,goias,10,12.0000,1.2000,1
2010,gremio,10,10.0000,1.0000,0
2010,gremio-prudente,10,13.0000,1.3000,1
2010,guarani,10,14.0000,1.4000,1
2010,internacional,10,16.0000,1.6000,0
2010,palmeiras,10,13.0000,1.3000,0
2010,santos,10,12.0000,1.2000,0
2010,sao-paulo,10,12.0000,1.2000,0
2010,vasco,10,10.0000,1.0000,0
2010,vitoria,10,13.0000,1.3000,1
2010,athletico-pr,15,17.0000,1.1333,0
2010,atletico-go,15,10.0000,0.6667,0
2010,atletico-mg,15,13.0000,0.8667,0
2010,avai,15,22.0000,1.4667,0
2010,botafogo-rj,15,24.0000,1.6000,0
2010,ceara,15,24.0000,1.6000,0
2010,corinthians,15,31.0000,2.0667,0
2010,cruzeiro,15,21.0000,1.4000,0
2010,flamengo,15,20.0000,1.3333,0
2010,fluminense,15,33.0000,2.2000,0
2010,goias,15,13.0000,0.8667,1
2010,gremio,15,15.0000,1.0000,0
2010,gremio-prudente,15,18.0000,1.2000,1
2010,guarani,15,19.0000,1.2667,1
2010,internacional,15,21.0000,1.4000,0
2010,palmeiras,15,20.0000,1.3333,0
2010,santos,15,24.0000,1.6000,0
2010,sao-paulo,15,17.0000,1.1333,0
2010,vasco,15,21.0000,1.4000,0
2010,vitoria,15,20.0000,1.3333,1
2010,athletico-pr,20,28.0000,1.4000,0
2010,atletico-go,20,17.0000,0.8500,0
2010,atletico-mg,20,18.0000,0.9000,0
2010,avai,20,24.0000,1.2000,0
2010,botafogo-rj,20,34.0000,1.7000,0
2010,ceara,20,25.0000,1.2500,0
2010,corinthians,20,38.0000,1.9000,0
2010,cruzeiro,20,34.0000,1.7000,0
2010,flamengo,20,22.0000,1.1000,0
2010,fluminense,20,41.0000,2.0500,0
2010,goias,20,16.0000,0.8000,1
2010,gremio,20,23.0000,1.1500,0
2010,gremio-prudente,20,20.0000,1.0000,1
2010,guarani,20,26.0000,1.3000,1
2010,internacional,20,31.0000,1.5500,0
2010,palmeiras,20,25.0000,1.2500,0
2010,santos,20,34.0000,1.7000,0
2010,sao-paulo,20,28.0000,1.4000,0
2010,vasco,20,30.0000,1.5000,0
2010,vitoria,20,23.0000,1.1500,1
2010,athletico-pr,25,38.0000,1.5200,0
2010,atletico-go,25,26.0000,1.0400,0
2010,atletico-mg,25,21.0000,0.8400,0
2010,avai,25,28.0000,1.1200,0
2010,botafogo-rj,25,40.0000,1.6000,0
2010,ceara,25,30.0000,1.2000,0
2010,corinthians,25,47.0000,1.8800,0
2010,cruzeiro,25,44.0000,1.7600,0
2010,flamengo,25,28.0000,1.1200,0
2010,fluminense,25,48.0000,1.9200,0
2010,goias,25,24.0000,0.9600,1
2010,gremio,25,33.0000,1.3200,0
2010,gremio-prudente,25,20.0000,0.8000,1
2010,guarani,25,33.0000,1.3200,1
2010,internacional,25,41.0000,1.6400,0
2010,palmeiras,25,35.0000,1.4000,0
2010,santos,25,41.0000,1.6400,0
2010,sao-paulo,25,34.0000,1.3600,0
2010,vasco,25,33.0000,1.3200,0
2010,vitoria,25,31.0000,1.2400,1
2010,athletico-pr,30,46.0000,1.5333,0
2010,atletico-go,30,32.0000,1.0667,0
2010,atletico-mg,30,31.0000,1.0333,0
2010,avai,30,30.0000,1.0000,0
2010,botafogo-rj,30,45.0000,1.5000,0
2010,ceara,30,39.0000,1.3000,0
2010,corinthians,30,50.0000,1.6667,0
2010,cruzeiro,30,54.0000,1.8000,0
2010,flamengo,30,37.0000,1.2333,0
2010,fluminense,30,53.0000,1.7667,0
2010,goias,30,28.0000,0.9333,1
2010,gremio,30,46.0000,1.5333,0
2010,gremio-prudente,30,24.0000,0.8000,1
2010,guarani,30,35.0000,1.1667,1
2010,internacional,30,47.0000,1.5667,0
2010,palmeiras,30,44.0000,1.4667,0
2010,santos,30,48.0000,1.6000,0
2010,sao-paulo,30,44.0000,1.4667,0
2010,vasco,30,41.0000,1.3667,0
2010,vitoria,30,34.0000,1.1333,1
2010,athletico-pr,35,56.0000,1.6000,0
2010,atletico-go,35,40.0000,1.1429,0
2010,atletico-mg,35,39.0000,1.1143,0
2010,avai,35,37.0000,1.0571,0
2010,botafogo-rj,35,56.0000,1.6000,0
2010,ceara,35,45.0000,1.2857,0
2010,corinthians,35,63.0000,1.8000,0
2010,cruzeiro,35,60.0000,1.7143,0
2010,flamengo,35,40.0000,1.1429,0
2010,fluminense,35,62.0000,1.7714,0
2010,goias,35,32.0000,0.9143,1
2010,gremio,35,54.0000,1.5429,0
2010,gremio-prudente,35,30.0000,0.8571,1
2010,guarani,35,37.0000,1.0571,1
2010,internacional,35,51.0000,1.4571,0
2010,palmeiras,35,50.0000,1.4286,0
2010,santos,35,52.0000,1.4857,0
2010,sao-paulo,35,51.0000,1.4571,0
2010,vasco,35,46.0000,1.3143,0
2010,vitoria,35,39.0000,1.1143,1
2011,america-mg,10,6.0000,0.6000,1
2011,athletico-pr,10,2.0000,0.2000,1
2011,atletico-go,10,8.0000,0.8000,0
2011,atletico-mg,10,11.0000,1.1000,0
2011,avai,10,7.0000,0.7000,1
2011,bahia,10,10.0000,1.0000,0
2011,botafogo-rj,10,16.0000,1.6000,0
2011,ceara,10,14.0000,1.4000,1
2011,corinthians,10,26.0000,2.6000,0
2011,coritiba,10,13.0000,1.3000,0
2011,cruzeiro,10,15.0000,1.5000,0
2011,figueirense,10,15.0000,1.5000,0
2011,flamengo,10,20.0000,2.0000,0
2011,fluminense,10,12.0000,1.2000,0
2011,gremio,10,12.0000,1.2000,0
2011,internacional,10,15.0000,1.5000,0
2011,palmeiras,10,19.0000,1.9000,0
2011,santos,10,15.0000,1.5000,0
2011,sao-paulo,10,21.0000,2.1000,0
2011,vasco,10,17.0000,1.7000,0
2011,america-mg,15,11.0000,0.7333,1
2011,athletico-pr,15,12.0000,0.8000,1
2011,atletico-go,15,13.0000,0.8667,0
2011,atletico-mg,15,15.0000,1.0000,0
2011,avai,15,13.0000,0.8667,1
2011,bahia,15,18.0000,1.2000,0
2011,botafogo-rj,15,25.0000,1.6667,0
2011,ceara,15,18.0000,1.2000,1
2011,corinthians,15,33.0000,2.2000,0
2011,coritiba,15,18.0000,1.2000,0
2011,cruzeiro,15,18.0000,1.2000,0
2011,figueirense,15,22.0000,1.4667,0
2011,flamengo,15,33.0000,2.2000,0
2011,fluminense,15,21.0000,1.4000,0
2011,gremio,15,18.0000,1.2000,0
2011,internacional,15,22.0000,1.4667,0
2011,palmeiras,15,27.0000,1.8000,0
2011,santos,15,18.0000,1.2000,0
2011,sao-paulo,15,31.0000,2.0667,0
2011,vasco,15,27.0000,1.8000,0
2011,america-mg,20,14.0000,0.7000,1
2011,athletico-pr,20,18.0000,0.9000,1
2011,atletico-go,20,28.0000,1.4000,0
2011,atletico-mg,20,18.0000,0.9000,0
2011,avai,20,20.0000,1.0000,1
2011,bahia,20,21.0000,1.0500,0
2011,botafogo-rj,20,37.0000,1.8500,0
2011,ceara,20,25.0000,1.2500,1
2011,corinthians,20,40.0000,2.0000,0
2011,coritiba,20,26.0000,1.3000,0
2011,cruzeiro,20,27.0000,1.3500,0
2011,figueirense,20,29.0000,1.4500,0
2011,flamengo,20,36.0000,1.8000,0
2011,fluminense,20,28.0000,1.4000,0
2011,gremio,20,24.0000,1.2000,0
2011,internacional,20,28.0000,1.4000,0
2011,palmeiras,20,32.0000,1.6000,0
2011,santos,20,23.0000,1.1500,0
2011,sao-paulo,20,35.0000,1.7500,0
2011,vasco,20,38.0000,1.9000,0
2011,america-mg,25,19.0000,0.7600,1
2011,athletico-pr,25,23.0000,0.9200,1
2011,atletico-go,25,34.0000,1.3600,0
2011,atletico-mg,25,25.0000,1.0000,0
2011,avai,25,22.0000,0.8800,1
2011,bahia,25,30.0000,1.2000,0
2011,botafogo-rj,25,44.0000,1.7600,0
2011,ceara,25,27.0000,1.0800,1
2011,corinthians,25,44.0000,1.7600,0
2011,coritiba,25,36.0000,1.4400,0
2011,cruzeiro,25,29.0000,1.1600,0
2011,figueirense,25,33.0000,1.3200,0
2011,flamengo,25,38.0000,1.5200,0
2011,fluminense,25,40.0000,1.6000,0
2011,gremio,25,33.0000,1.3200,0
2011,internacional,25,37.0000,1.4800,0
2011,palmeiras,25,38.0000,1.5200,0
2011,santos,25,38.0000,1.5200,0
2011,sao-paulo,25,45.0000,1.8000,0
2011,vasco,25,46.0000,1.8400,0
2011,america-mg,30,24.0000,0.8000,1
2011,athletico-pr,30,28.0000,0.9333,1
2011,atletico-go,30,42.0000,1.4000,0
2011,atletico-mg,30,30.0000,1.0000,0
2011,avai,30,26.0000,0.8667,1
2011,bahia,30,36.0000,1.2000,0
2011,botafogo-rj,30,52.0000,1.7333,0
2011,ceara,30,32.0000,1.0667,1
2011,corinthians,30,54.0000,1.8000,0
2011,coritiba,30,41.0000,1.3667,0
2011,cruzeiro,30,31.0000,1.0333,0
2011,figueirense,30,44.0000,1.4667,0
2011,flamengo,30,51.0000,1.7000,0
2011,fluminense,30,50.0000,1.6667,0
2011,gremio,30,42.0000,1.4000,0
2011,internacional,30,47.0000,1.5667,0
2011,palmeiras,30,41.0000,1.3667,0
2011,santos,30,41.0000,1.3667,0
2011,sao-paulo,30,48.0000,1.6000,0
2011,vasco,30,54.0000,1.8000,0
2011,america-mg,35,34.0000,0.9714,1
2011,athletico-pr,35,37.0000,1.0571,1
2011,atletico-go,35,43.0000,1.2286,0
2011,atletico-mg,35,42.0000,1.2000,0
2011,avai,35,30.0000,0.8571,1
2011,bahia,35,42.0000,1.2000,0
2011,botafogo-rj,35,55.0000,1.5714,0
2011,ceara,35,35.0000,1.0000,1
2011,corinthians,35,64.0000,1.8286,0
2011,coritiba,35,51.0000,1.4571,0
2011,cruzeiro,35,38.0000,1.0857,0
2011,figueirense,35,57.0000,1.6286,0
2011,flamengo,35,56.0000,1.6000,0
2011,fluminense,35,59.0000,1.6857,0
2011,gremio,35,47.0000,1.3429,0
2011,internacional,35,54.0000,1.5429,0
2011,palmeiras,35,43.0000,1.2286,0
2011,santos,35,52.0000,1.4857,0
2011,sao-paulo,35,53.0000,1.5143,0
2011,vasco,35,62.0000,1.7714,0
2012,atletico-go,10,5.0000,0.5000,1
2012,atletico-mg,10,25.0000,2.5000,0
2012,bahia,10,7.0000,0.7000,0
2012,botafogo-rj,10,17.0000,1.7000,0
2012,corinthians,10,11.0000,1.1000,0
2012,coritiba,10,8.0000,0.8000,0
2012,cruzeiro,10,17.0000,1.7000,0
2012,figueirense,10,8.0000,0.8000,1
2012,flamengo,10,15.0000,1.5000,0
2012,fluminense,10,22.0000,2.2000,0
2012,gremio,10,18.0000,1.8000,0
2012,internacional,10,16.0000,1.6000,0
2012,nautico,10,13.0000,1.3000,0
2012,palmeiras,10,7.0000,0.7000,1
2012,ponte-preta,10,15.0000,1.5000,0
2012,portuguesa,10,8.0000,0.8000,0
2012,santos,10,10.0000,1.0000,0
2012,sao-paulo,10,16.0000,1.6000,0
2012,sport,10,12.0000,1.2000,1
2012,vasco,10,23.0000,2.3000,0
2012,atletico-go,15,10.0000,0.6667,1
2012,atletico-mg,15,35.0000,2.3333,0
2012,bahia,15,13.0000,0.8667,0
2012,botafogo-rj,15,23.0000,1.5333,0
2012,corinthians,15,18.0000,1.2000,0
2012,coritiba,15,15.0000,1.0000,0
2012,cruzeiro,15,23.0000,1.5333,0
2012,figueirense,15,8.0000,0.5333,1
2012,flamengo,15,22.0000,1.4667,0
2012,fluminense,15,32.0000,2.1333,0
2012,gremio,15,28.0000,1.8667,0
2012,internacional,15,27.0000,1.8000,0
2012,nautico,15,17.0000,1.1333,0
2012,palmeiras,15,13.0000,0.8667,1
2012,ponte-preta,15,20.0000,1.3333,0
2012,portuguesa,15,17.0000,1.1333,0
2012,santos,15,16.0000,1.0667,0
2012,sao-paulo,15,25.0000,1.6667,0
2012,sport,15,14.0000,0.9333,1
2012,vasco,15,34.0000,2.2667,0
2012,atletico-go,20,16.0000,0.8000,1
2012,atletico-mg,20,44.0000,2.2000,0
2012,bahia,20,20.0000,1.0000,0
2012,botafogo-rj,20,28.0000,1.4000,0
2012,corinthians,20,25.0000,1.2500,0
2012,coritiba,20,22.0000,1.1000,0
2012,cruzeiro,20,31.0000,1.5500,0
2012,figueirense,20,14.0000,0.7000,1
2012,flamengo,20,30.0000,1.5000,0
2012,fluminense,20,43.0000,2.1500,0
2012,gremio,20,40.0000,2.0000,0
2012,internacional,20,31.0000,1.5500,0
2012,nautico,20,27.0000,1.3500,0
2012,palmeiras,20,16.0000,0.8000,1
2012,ponte-preta,20,24.0000,1.2000,0
2012,portuguesa,20,25.0000,1.2500,0
2012,santos,20,26.0000,1.3000,0
2012,sao-paulo,20,34.0000,1.7000,0
2012,sport,20,16.0000,0.8000,1
2012,vasco,20,35.0000,1.7500,0
2012,atletico-go,25,20.0000,0.8000,1
2012,atletico-mg,25,51.0000,2.0400,0
2012,bahia,25,31.0000,1.2400,0
2012,botafogo-rj,25,39.0000,1.5600,0
2012,corinthians,25,35.0000,1.4000,0
2012,coritiba,25,28.0000,1.1200,0
2012,cruzeiro,25,35.0000,1.4000,0
2012,figueirense,25,22.0000,0.8800,1
2012,flamengo,25,31.0000,1.2400,0
2012,fluminense,25,53.0000,2.1200,0
2012,gremio,25,48.0000,1.9200,0
2012,internacional,25,37.0000,1.4800,0
2012,nautico,25,31.0000,1.2400,0
2012,palmeiras,25,20.0000,0.8000,1
2012,ponte-preta,25,33.0000,1.3200,0
2012,portuguesa,25,29.0000,1.1600,0
2012,santos,25,33.0000,1.3200,0
2012,sao-paulo,25,39.0000,1.5600,0
2012,sport,25,24.0000,0.9600,1
2012,vasco,25,43.0000,1.7200,0
2012,atletico-go,30,23.0000,0.7667,1
2012,atletico-mg,30,59.0000,1.9667,0
2012,bahia,30,35.0000,1.1667,0
2012,botafogo-rj,30,41.0000,1.3667,0
2012,corinthians,30,43.0000,1.4333,0
2012,coritiba,30,38.0000,1.2667,0
2012,cruzeiro,30,40.0000,1.3333,0
2012,figueirense,30,25.0000,0.8333,1
2012,flamengo,30,36.0000,1.2000,0
2012,fluminense,30,68.0000,2.2667,0
2012,gremio,30,57.0000,1.9000,0
2012,internacional,30,45.0000,1.5000,0
2012,nautico,30,40.0000,1.3333,0
2012,palmeiras,30,26.0000,0.8667,1
2012,ponte-preta,30,37.0000,1.2333,0
2012,portuguesa,30,37.0000,1.2333,0
2012,santos,30,41.0000,1.3667,0
2012,sao-paulo,30,52.0000,1.7333,0
2012,sport,30,27.0000,0.9000,1
2012,vasco,30,50.0000,1.6667,0
2012,atletico-go,35,26.0000,0.7429,1
2012,atletico-mg,35,65.0000,1.8571,0
2012,bahia,35,40.0000,1.1429,0
2012,botafogo-rj,35,54.0000,1.5429,0
2012,corinthians,35,53.0000,1.5143,0
2012,coritiba,35,45.0000,1.2857,0
2012,cruzeiro,35,46.0000,1.3143,0
2012,figueirense,35,30.0000,0.8571,1
2012,flamengo,35,47.0000,1.3429,0
2012,fluminense,35,76.0000,2.1714,0
2012,gremio,35,66.0000,1.8857,0
2012,internacional,35,51.0000,1.4571,0
2012,nautico,35,45.0000,1.2857,0
2012,palmeiras,35,33.0000,0.9429,1
2012,ponte-preta,35,46.0000,1.3143,0
2012,portuguesa,35,40.0000,1.1429,0
2012,santos,35,46.0000,1.3143,0
2012,sao-paulo,35,59.0000,1.6857,0
2012,sport,35,37.0000,1.0571,1
2012,vasco,35,51.0000,1.4571,0
2013,athletico-pr,10,13.0000,1.3000,0
2013,atletico-mg,10,13.0000,1.3000,0
2013,bahia,10,16.0000,1.6000,0
2013,botafogo-rj,10,20.0000,2.0000,0
2013,corinthians,10,14.0000,1.4000,0
2013,coritiba,10,20.0000,2.0000,0
2013,criciuma,10,11.0000,1.1000,0
2013,cruzeiro,10,18.0000,1.8000,0
2013,flamengo,10,10.0000,1.0000,0
2013,fluminense,10,12.0000,1.2000,1
2013,goias,10,13.0000,1.3000,0
2013,gremio,10,15.0000,1.5000,0
2013,internacional,10,15.0000,1.5000,0
2013,nautico,10,7.0000,0.7000,1
2013,ponte-preta,10,10.0000,1.0000,1
2013,portuguesa,10,8.0000,0.8000,0
2013,santos,10,15.0000,1.5000,0
2013,sao-paulo,10,12.0000,1.2000,0
2013,vasco,10,14.0000,1.4000,1
2013,vitoria,10,15.0000,1.5000,0
2013,athletico-pr,15,24.0000,1.6000,0
2013,atletico-mg,15,19.0000,1.2667,0
2013,bahia,15,20.0000,1.3333,0
2013,botafogo-rj,15,29.0000,1.9333,0
2013,corinthians,15,25.0000,1.6667,0
2013,coritiba,15,24.0000,1.6000,0
2013,criciuma,15,14.0000,0.9333,0
2013,cruzeiro,15,28.0000,1.8667,0
2013,flamengo,15,19.0000,1.2667,0
2013,fluminense,15,18.0000,1.2000,1
2013,goias,15,21.0000,1.4000,0
2013,gremio,15,25.0000,1.6667,0
2013,internacional,15,22.0000,1.4667,0
2013,nautico,15,9.0000,0.6000,1
2013,ponte-preta,15,15.0000,1.0000,1
2013,portuguesa,15,13.0000,0.8667,0
2013,santos,15,20.0000,1.3333,0
2013,sao-paulo,15,14.0000,0.9333,0
2013,vasco,15,19.0000,1.2667,1
2013,vitoria,15,22.0000,1.4667,0
2013,athletico-pr,20,35.0000,1.7500,0
2013,atletico-mg,20,28.0000,1.4000,0
2013,bahia,20,24.0000,1.2000,0
2013,botafogo-rj,20,39.0000,1.9500,0
2013,corinthians,20,30.0000,1.5000,0
2013,coritiba,20,28.0000,1.4000,0
2013,criciuma,20,24.0000,1.2000,0
2013,cruzeiro,20,43.0000,2.1500,0
2013,flamengo,20,25.0000,1.2500,0
2013,fluminense,20,23.0000,1.1500,1
2013,goias,20,26.0000,1.3000,0
2013,gremio,20,37.0000,1.8500,0
2013,internacional,20,31.0000,1.5500,0
2013,nautico,20,10.0000,0.5000,1
2013,ponte-preta,20,15.0000,0.7500,1
2013,portuguesa,20,22.0000,1.1000,0
2013,santos,20,29.0000,1.4500,0
2013,sao-paulo,20,21.0000,1.0500,0
2013,vasco,20,24.0000,1.2000,1
2013,vitoria,20,24.0000,1.2000,0
2013,athletico-pr,25,41.0000,1.6400,0
2013,atletico-mg,25,38.0000,1.5200,0
2013,bahia,25,32.0000,1.2800,0
2013,botafogo-rj,25,43.0000,1.7200,0
2013,corinthians,25,34.0000,1.3600,0
2013,coritiba,25,31.0000,1.2400,0
2013,criciuma,25,25.0000,1.0000,0
2013,cruzeiro,25,56.0000,2.2400,0
2013,flamengo,25,33.0000,1.3200,0
2013,fluminense,25,34.0000,1.3600,1
2013,goias,25,33.0000,1.3200,0
2013,gremio,25,45.0000,1.8000,0
2013,internacional,25,34.0000,1.3600,0
2013,nautico,25,17.0000,0.6800,1
2013,ponte-preta,25,22.0000,0.8800,1
2013,portuguesa,25,31.0000,1.2400,0
2013,santos,25,36.0000,1.4400,0
2013,sao-paulo,25,27.0000,1.0800,0
2013,vasco,25,28.0000,1.1200,1
2013,vitoria,25,37.0000,1.4800,0
2013,athletico-pr,30,51.0000,1.7000,0
2013,atletico-mg,30,45.0000,1.5000,0
2013,bahia,30,36.0000,1.2000,0
2013,botafogo-rj,30,50.0000,1.6667,0
2013,corinthians,30,40.0000,1.3333,0
2013,coritiba,30,37.0000,1.2333,0
2013,criciuma,30,32.0000,1.0667,0
2013,cruzeiro,30,62.0000,2.0667,0
2013,flamengo,30,40.0000,1.3333,0
2013,fluminense,30,36.0000,1.2000,1
2013,goias,30,46.0000,1.5333,0
2013,gremio,30,53.0000,1.7667,0
2013,internacional,30,42.0000,1.4000,0
2013,nautico,30,17.0000,0.5667,1
2013,ponte-preta,30,30.0000,1.0000,1
2013,portuguesa,30,38.0000,1.2667,0
2013,santos,30,43.0000,1.4333,0
2013,sao-paulo,30,40.0000,1.3333,0
2013,vasco,30,33.0000,1.1000,1
2013,vitoria,30,44.0000,1.4667,0
2013,athletico-pr,35,58.0000,1.6571,0
2013,atletico-mg,35,52.0000,1.4857,0
2013,bahia,35,42.0000,1.2000,0
2013,botafogo-rj,35,57.0000,1.6286,0
2013,corinthians,35,49.0000,1.4000,0
2013,coritiba,35,41.0000,1.1714,0
2013,criciuma,35,42.0000,1.2000,0
2013,cruzeiro,35,75.0000,2.1429,0
2013,flamengo,35,45.0000,1.2857,0
2013,fluminense,35,42.0000,1.2000,1
2013,goias,35,59.0000,1.6857,0
2013,gremio,35,60.0000,1.7143,0
2013,internacional,35,45.0000,1.2857,0
2013,nautico,35,17.0000,0.4857,1
2013,ponte-preta,35,35.0000,1.0000,1
2013,portuguesa,35,44.0000,1.2571,0
2013,santos,35,48.0000,1.3714,0
2013,sao-paulo,35,49.0000,1.4000,0
2013,vasco,35,38.0000,1.0857,1
2013,vitoria,35,54.0000,1.5429,0
2014,athletico-pr,10,16.0000,1.6000,0
2014,atletico-mg,10,15.0000,1.5000,0
2014,bahia,10,8.0000,0.8000,1
2014,botafogo-rj,10,11.0000,1.1000,1
2014,chapecoense,10,9.0000,0.9000,0
2014,corinthians,10,18.0000,1.8000,0
2014,coritiba,10,7.0000,0.7000,0
2014,criciuma,10,14.0000,1.4000,1
2014,cruzeiro,10,22.0000,2.2000,0
2014,figueirense,10,7.0000,0.7000,0
2014,flamengo,10,7.0000,0.7000,0
2014,fluminense,10,16.0000,1.6000,0
2014,goias,10,16.0000,1.6000,0
2014,gremio,10,16.0000,1.6000,0
2014,internacional,10,16.0000,1.6000,0
2014,palmeiras,10,13.0000,1.3000,0
2014,santos,10,17.0000,1.7000,0
2014,sao-paulo,10,19.0000,1.9000,0
2014,sport,10,17.0000,1.7000,0
2014,vitoria,10,7.0000,0.7000,1
2014,athletico-pr,15,23.0000,1.5333,0
2014,atletico-mg,15,23.0000,1.5333,0
2014,bahia,15,14.0000,0.9333,1
2014,botafogo-rj,15,18.0000,1.2000,1
2014,chapecoense,15,16.0000,1.0667,0
2014,corinthians,15,27.0000,1.8000,0
2014,coritiba,15,12.0000,0.8000,0
2014,criciuma,15,16.0000,1.0667,1
2014,cruzeiro,15,33.0000,2.2000,0
2014,figueirense,15,14.0000,0.9333,0
2014,flamengo,15,16.0000,1.0667,0
2014,fluminense,15,26.0000,1.7333,0
2014,goias,15,20.0000,1.3333,0
2014,gremio,15,22.0000,1.4667,0
2014,internacional,15,31.0000,2.0667,0
2014,palmeiras,15,14.0000,0.9333,0
2014,santos,15,20.0000,1.3333,0
2014,sao-paulo,15,26.0000,1.7333,0
2014,sport,15,22.0000,1.4667,0
2014,vitoria,15,15.0000,1.0000,1
2014,athletico-pr,20,25.0000,1.2500,0
2014,atletico-mg,20,30.0000,1.5000,0
2014,bahia,20,17.0000,0.8500,1
2014,botafogo-rj,20,24.0000,1.2000,1
2014,chapecoense,20,20.0000,1.0000,0
2014,corinthians,20,35.0000,1.7500,0
2014,coritiba,20,20.0000,1.0000,0
2014,criciuma,20,18.0000,0.9000,1
2014,cruzeiro,20,46.0000,2.3000,0
2014,figueirense,20,25.0000,1.2500,0
2014,flamengo,20,25.0000,1.2500,0
2014,fluminense,20,32.0000,1.6000,0
2014,goias,20,27.0000,1.3500,0
2014,gremio,20,34.0000,1.7000,0
2014,internacional,20,34.0000,1.7000,0
2014,palmeiras,20,21.0000,1.0500,0
2014,santos,20,26.0000,1.3000,0
2014,sao-paulo,20,39.0000,1.9500,0
2014,sport,20,31.0000,1.5500,0
2014,vitoria,20,18.0000,0.9000,1
2014,athletico-pr,25,31.0000,1.2400,0
2014,atletico-mg,25,43.0000,1.7200,0
2014,bahia,25,29.0000,1.1600,1
2014,botafogo-rj,25,28.0000,1.1200,1
2014,chapecoense,25,28.0000,1.1200,0
2014,corinthians,25,39.0000,1.5600,0
2014,coritiba,25,23.0000,0.9200,0
2014,criciuma,25,24.0000,0.9600,1
2014,cruzeiro,25,53.0000,2.1200,0
2014,figueirense,25,32.0000,1.2800,0
2014,flamengo,25,31.0000,1.2400,0
2014,fluminense,25,40.0000,1.6000,0
2014,goias,25,30.0000,1.2000,0
2014,gremio,25,43.0000,1.7200,0
2014,internacional,25,47.0000,1.8800,0
2014,palmeiras,25,25.0000,1.0000,0
2014,santos,25,36.0000,1.4400,0
2014,sao-paulo,25,43.0000,1.7200,0
2014,sport,25,36.0000,1.4400,0
2014,vitoria,25,24.0000,0.9600,1
2014,athletico-pr,30,40.0000,1.3333,0
2014,atletico-mg,30,51.0000,1.7000,0
2014,bahia,30,31.0000,1.0333,1
2014,botafogo-rj,30,30.0000,1.0000,1
2014,chapecoense,30,35.0000,1.1667,0
2014,corinthians,30,52.0000,1.7333,0
2014,coritiba,30,32.0000,1.0667,0
2014,criciuma,30,30.0000,1.0000,1
2014,cruzeiro,30,60.0000,2.0000,0
2014,figueirense,30,35.0000,1.1667,0
2014,flamengo,30,40.0000,1.3333,0
2014,fluminense,30,48.0000,1.6000,0
2014,goias,30,41.0000,1.3667,0
2014,gremio,30,50.0000,1.6667,0
2014,internacional,30,50.0000,1.6667,0
2014,palmeiras,30,35.0000,1.1667,0
2014,santos,30,45.0000,1.5000,0
2014,sao-paulo,30,53.0000,1.7667,0
2014,sport,30,37.0000,1.2333,0
2014,vitoria,30,31.0000,1.0333,1
2014,athletico-pr,35,47.0000,1.3429,0
2014,atletico-mg,35,61.0000,1.7429,0
2014,bahia,35,34.0000,0.9714,1
2014,botafogo-rj,35,33.0000,0.9429,1
2014,chapecoense,35,39.0000,1.1143,0
2014,corinthians,35,63.0000,1.8000,0
2014,coritiba,35,38.0000,1.0857,0
2014,criciuma,35,30.0000,0.8571,1
2014,cruzeiro,35,73.0000,2.0857,0
2014,figueirense,35,43.0000,1.2286,0
2014,flamengo,35,47.0000,1.3429,0
2014,fluminense,35,57.0000,1.6286,0
2014,goias,35,44.0000,1.2571,0
2014,gremio,35,60.0000,1.7143,0
2014,internacional,35,60.0000,1.7143,0
2014,palmeiras,35,39.0000,1.1143,0
2014,santos,35,47.0000,1.3429,0
2014,sao-paulo,35,66.0000,1.8857,0
2014,sport,35,47.0000,1.3429,0
2014,vitoria,35,38.0000,1.0857,1
2015,athletico-pr,10,19.0000,1.9000,0
2015,atletico-mg,10,20.0000,2.0000,0
2015,avai,10,12.0000,1.2000,1
2015,chapecoense,10,13.0000,1.3000,0
2015,corinthians,10,19.0000,1.9000,0
2015,coritiba,10,7.0000,0.7000,0
2015,cruzeiro,10,10.0000,1.0000,0
2015,figueirense,10,12.0000,1.2000,0
2015,flamengo,10,10.0000,1.0000,0
2015,fluminense,10,20.0000,2.0000,0
2015,goias,10,9.0000,0.9000,1
2015,gremio,10,20.0000,2.0000,0
2015,internacional,10,13.0000,1.3000,0
2015,joinville,10,4.0000,0.4000,1
2015,palmeiras,10,15.0000,1.5000,0
2015,ponte-preta,10,16.0000,1.6000,0
2015,santos,10,10.0000,1.0000,0
2015,sao-paulo,10,17.0000,1.7000,0
2015,sport,10,22.0000,2.2000,0
2015,vasco,10,9.0000,0.9000,1
2015,athletico-pr,15,25.0000,1.6667,0
2015,atletico-mg,15,32.0000,2.1333,0
2015,avai,15,17.0000,1.1333,1
2015,chapecoense,15,22.0000,1.4667,0
2015,corinthians,15,30.0000,2.0000,0
2015,coritiba,15,11.0000,0.7333,0
2015,cruzeiro,15,17.0000,1.1333,0
2015,figueirense,15,16.0000,1.0667,0
2015,flamengo,15,19.0000,1.2667,0
2015,fluminense,15,27.0000,1.8000,0
2015,goias,15,13.0000,0.8667,1
2015,gremio,15,27.0000,1.8000,0
2015,internacional,15,20.0000,1.3333,0
2015,joinville,15,9.0000,0.6000,1
2015,palmeiras,15,28.0000,1.8667,0
2015,ponte-preta,15,19.0000,1.2667,0
2015,santos,15,16.0000,1.0667,0
2015,sao-paulo,15,27.0000,1.8000,0
2015,sport,15,28.0000,1.8667,0
2015,vasco,15,12.0000,0.8000,1
2015,athletico-pr,20,30.0000,1.5000,0
2015,atletico-mg,20,39.0000,1.9500,0
2015,avai,20,20.0000,1.0000,1
2015,chapecoense,20,28.0000,1.4000,0
2015,corinthians,20,43.0000,2.1500,0
2015,coritiba,20,21.0000,1.0500,0
2015,cruzeiro,20,22.0000,1.1000,0
2015,figueirense,20,23.0000,1.1500,0
2015,flamengo,20,26.0000,1.3000,0
2015,fluminense,20,33.0000,1.6500,0
2015,goias,20,22.0000,1.1000,1
2015,gremio,20,37.0000,1.8500,0
2015,internacional,20,28.0000,1.4000,0
2015,joinville,20,19.0000,0.9500,1
2015,palmeiras,20,31.0000,1.5500,0
2015,ponte-preta,20,27.0000,1.3500,0
2015,santos,20,27.0000,1.3500,0
2015,sao-paulo,20,31.0000,1.5500,0
2015,sport,20,31.0000,1.5500,0
2015,vasco,20,13.0000,0.6500,1
2015,athletico-pr,25,38.0000,1.5200,0
2015,atletico-mg,25,49.0000,1.9600,0
2015,avai,25,26.0000,1.0400,1
2015,chapecoense,25,30.0000,1.2000,0
2015,corinthians,25,54.0000,2.1600,0
2015,coritiba,25,27.0000,1.0800,0
2015,cruzeiro,25,29.0000,1.1600,0
2015,figueirense,25,27.0000,1.0800,0
2015,flamengo,25,41.0000,1.6400,0
2015,fluminense,25,34.0000,1.3600,0
2015,goias,25,28.0000,1.1200,1
2015,gremio,25,45.0000,1.8000,0
2015,internacional,25,37.0000,1.4800,0
2015,joinville,25,22.0000,0.8800,1
2015,palmeiras,25,38.0000,1.5200,0
2015,ponte-preta,25,31.0000,1.2400,0
2015,santos,25,37.0000,1.4800,0
2015,sao-paulo,25,41.0000,1.6400,0
2015,sport,25,36.0000,1.4400,0
2015,vasco,25,19.0000,0.7600,1
2015,athletico-pr,30,39.0000,1.3000,0
2015,atletico-mg,30,59.0000,1.9667,0
2015,avai,30,33.0000,1.1000,1
2015,chapecoense,30,35.0000,1.1667,0
2015,corinthians,30,64.0000,2.1333,0
2015,coritiba,30,33.0000,1.1000,0
2015,cruzeiro,30,38.0000,1.2667,0
2015,figueirense,30,34.0000,1.1333,0
2015,flamengo,30,44.0000,1.4667,0
2015,fluminense,30,40.0000,1.3333,0
2015,goias,30,31.0000,1.0333,1
2015,gremio,30,55.0000,1.8333,0
2015,internacional,30,44.0000,1.4667,0
2015,joinville,30,27.0000,0.9000,1
2015,palmeiras,30,45.0000,1.5000,0
2015,ponte-preta,30,44.0000,1.4667,0
2015,santos,30,46.0000,1.5333,0
2015,sao-paulo,30,46.0000,1.5333,0
2015,sport,30,43.0000,1.4333,0
2015,vasco,30,28.0000,0.9333,1
2015,athletico-pr,35,47.0000,1.3429,0
2015,atletico-mg,35,65.0000,1.8571,0
2015,avai,35,38.0000,1.0857,1
2015,chapecoense,35,46.0000,1.3143,0
2015,corinthians,35,77.0000,2.2000,0
2015,coritiba,35,37.0000,1.0571,0
2015,cruzeiro,35,51.0000,1.4571,0
2015,figueirense,35,39.0000,1.1143,0
2015,flamengo,35,48.0000,1.3714,0
2015,fluminense,35,43.0000,1.2286,0
2015,goias,35,34.0000,0.9714,1
2015,gremio,35,62.0000,1.7714,0
2015,internacional,35,53.0000,1.5143,0
2015,joinville,35,31.0000,0.8857,1
2015,palmeiras,35,49.0000,1.4000,0
2015,ponte-preta,35,50.0000,1.4286,0
2015,santos,35,55.0000,1.5714,0
2015,sao-paulo,35,56.0000,1.6000,0
2015,sport,35,52.0000,1.4857,0
2015,vasco,35,34.0000,0.9714,1
2016,america-mg,10,8.0000,0.8000,1
2016,athletico-pr,10,14.0000,1.4000,0
2016,atletico-mg,10,13.0000,1.3000,0
2016,botafogo-rj,10,9.0000,0.9000,0
2016,chapecoense,10,15.0000,1.5000,0
2016,corinthians,10,16.0000,1.6000,0
2016,coritiba,10,9.0000,0.9000,0
2016,cruzeiro,10,11.0000,1.1000,0
2016,figueirense,10,13.0000,1.3000,1
2016,flamengo,10,17.0000,1.7000,0
2016,fluminense,10,13.0000,1.3000,0
2016,gremio,10,18.0000,1.8000,0
2016,internacional,10,20.0000,2.0000,1
2016,palmeiras,10,22.0000,2.2000,0
2016,ponte-preta,10,13.0000,1.3000,0
2016,santa-cruz,10,11.0000,1.1000,1
2016,santos,10,16.0000,1.6000,0
2016,sao-paulo,10,15.0000,1.5000,0
2016,sport,10,9.0000,0.9000,0
2016,vitoria,10,12.0000,1.2000,0
2016,america-mg,15,8.0000,0.5333,1
2016,athletico-pr,15,24.0000,1.6000,0
2016,atletico-mg,15,23.0000,1.5333,0
2016,botafogo-rj,15,17.0000,1.1333,0
2016,chapecoense,15,19.0000,1.2667,0
2016,corinthians,15,29.0000,1.9333,0
2016,coritiba,15,15.0000,1.0000,0
2016,cruzeiro,15,15.0000,1.0000,0
2016,figueirense,15,16.0000,1.0667,1
2016,flamengo,15,24.0000,1.6000,0
2016,fluminense,15,21.0000,1.4000,0
2016,gremio,15,27.0000,1.8000,0
2016,internacional,15,20.0000,1.3333,1
2016,palmeiras,15,32.0000,2.1333,0
2016,ponte-preta,15,23.0000,1.5333,0
2016,santa-cruz,15,17.0000,1.1333,1
2016,santos,15,26.0000,1.7333,0
2016,sao-paulo,15,22.0000,1.4667,0
2016,sport,15,15.0000,1.0000,0
2016,vitoria,15,19.0000,1.2667,0
2016,america-mg,20,13.0000,0.6500,1
2016,athletico-pr,20,30.0000,1.5000,0
2016,atletico-mg,20,35.0000,1.7500,0
2016,botafogo-rj,20,26.0000,1.3000,0
2016,chapecoense,20,27.0000,1.3500,0
2016,corinthians,20,34.0000,1.7000,0
2016,coritiba,20,22.0000,1.1000,0
2016,cruzeiro,20,20.0000,1.0000,0
2016,figueirense,20,21.0000,1.0500,1
2016,flamengo,20,34.0000,1.7000,0
2016,fluminense,20,31.0000,1.5500,0
2016,gremio,20,35.0000,1.7500,0
2016,internacional,20,22.0000,1.1000,1
2016,palmeiras,20,39.0000,1.9500,0
2016,ponte-preta,20,30.0000,1.5000,0
2016,santa-cruz,20,19.0000,0.9500,1
2016,santos,20,36.0000,1.8000,0
2016,sao-paulo,20,26.0000,1.3000,0
2016,sport,20,26.0000,1.3000,0
2016,vitoria,20,23.0000,1.1500,0
2016,america-mg,25,15.0000,0.6000,1
2016,athletico-pr,25,36.0000,1.4400,0
2016,atletico-mg,25,45.0000,1.8000,0
2016,botafogo-rj,25,35.0000,1.4000,0
2016,chapecoense,25,37.0000,1.4800,0
2016,corinthians,25,41.0000,1.6400,0
2016,coritiba,25,30.0000,1.2000,0
2016,cruzeiro,25,29.0000,1.1600,0
2016,figueirense,25,28.0000,1.1200,1
2016,flamengo,25,47.0000,1.8800,0
2016,fluminense,25,37.0000,1.4800,0
2016,gremio,25,37.0000,1.4800,0
2016,internacional,25,27.0000,1.0800,1
2016,palmeiras,25,48.0000,1.9200,0
2016,ponte-preta,25,38.0000,1.5200,0
2016,santa-cruz,25,23.0000,0.9200,1
2016,santos,25,42.0000,1.6800,0
2016,sao-paulo,25,34.0000,1.3600,0
2016,sport,25,30.0000,1.2000,0
2016,vitoria,25,29.0000,1.1600,0
2016,america-mg,30,21.0000,0.7000,1
2016,athletico-pr,30,45.0000,1.5000,0
2016,atletico-mg,30,56.0000,1.8667,0
2016,botafogo-rj,30,47.0000,1.5667,0
2016,chapecoense,30,41.0000,1.3667,0
2016,corinthians,30,45.0000,1.5000,0
2016,coritiba,30,37.0000,1.2333,0
2016,cruzeiro,30,37.0000,1.2333,0
2016,figueirense,30,32.0000,1.0667,1
2016,flamengo,30,60.0000,2.0000,0
2016,fluminense,30,46.0000,1.5333,0
2016,gremio,30,46.0000,1.5333,0
2016,internacional,30,33.0000,1.1000,1
2016,palmeiras,30,61.0000,2.0333,0
2016,ponte-preta,30,42.0000,1.4000,0
2016,santa-cruz,30,23.0000,0.7667,1
2016,santos,30,54.0000,1.8000,0
2016,sao-paulo,30,36.0000,1.2000,0
2016,sport,30,34.0000,1.1333,0
2016,vitoria,30,35.0000,1.1667,0
2016,america-mg,35,27.0000,0.7714,1
2016,athletico-pr,35,52.0000,1.4857,0
2016,atletico-mg,35,61.0000,1.7429,0
2016,botafogo-rj,35,55.0000,1.5714,0
2016,chapecoense,35,49.0000,1.4000,0
2016,corinthians,35,51.0000,1.4571,0
2016,coritiba,35,45.0000,1.2857,0
2016,cruzeiro,35,47.0000,1.3429,0
2016,figueirense,35,34.0000,0.9714,1
2016,flamengo,35,66.0000,1.8857,0
2016,fluminense,35,49.0000,1.4000,0
2016,gremio,35,50.0000,1.4286,0
2016,internacional,35,39.0000,1.1143,1
2016,palmeiras,35,71.0000,2.0286,0
2016,ponte-preta,35,46.0000,1.3143,0
2016,santa-cruz,35,27.0000,0.7714,1
2016,santos,35,67.0000,1.9143,0
2016,sao-paulo,35,46.0000,1.3143,0
2016,sport,35,43.0000,1.2286,0
2016,vitoria,35,39.0000,1.1143,0
2017,athletico-pr,10,14.0000,1.4000,0
2017,atletico-go,10,6.0000,0.6000,1
2017,atletico-mg,10,13.0000,1.3000,0
2017,avai,10,8.0000,0.8000,1
2017,bahia,10,10.0000,1.0000,0
2017,botafogo-rj,10,15.0000,1.5000,0
2017,chapecoense,10,13.0000,1.3000,0
2017,corinthians,10,26.0000,2.6000,0
2017,coritiba,10,15.0000,1.5000,1
2017,cruzeiro,10,14.0000,1.4000,0
2017,flamengo,10,17.0000,1.7000,0
2017,fluminense,10,15.0000,1.5000,0
2017,gremio,10,22.0000,2.2000,0
2017,palmeiras,10,16.0000,1.6000,0
2017,ponte-preta,10,14.0000,1.4000,1
2017,santos,10,16.0000,1.6000,0
2017,sao-paulo,10,11.0000,1.1000,0
2017,sport,10,12.0000,1.2000,0
2017,vasco,10,15.0000,1.5000,0
2017,vitoria,10,8.0000,0.8000,0
2017,athletico-pr,15,17.0000,1.1333,0
2017,atletico-go,15,8.0000,0.5333,1
2017,atletico-mg,15,20.0000,1.3333,0
2017,avai,15,14.0000,0.9333,1
2017,bahia,15,19.0000,1.2667,0
2017,botafogo-rj,15,23.0000,1.5333,0
2017,chapecoense,15,18.0000,1.2000,0
2017,corinthians,15,37.0000,2.4667,0
2017,coritiba,15,19.0000,1.2667,1
2017,cruzeiro,15,22.0000,1.4667,0
2017,flamengo,15,25.0000,1.6667,0
2017,fluminense,15,21.0000,1.4000,0
2017,gremio,15,31.0000,2.0667,0
2017,palmeiras,15,23.0000,1.5333,0
2017,ponte-preta,15,18.0000,1.2000,1
2017,santos,15,27.0000,1.8000,0
2017,sao-paulo,15,15.0000,1.0000,0
2017,sport,15,24.0000,1.6000,0
2017,vasco,15,20.0000,1.3333,0
2017,vitoria,15,12.0000,0.8000,0
2017,athletico-pr,20,29.0000,1.4500,0
2017,atletico-go,20,15.0000,0.7500,1
2017,atletico-mg,20,26.0000,1.3000,0
2017,avai,20,21.0000,1.0500,1
2017,bahia,20,23.0000,1.1500,0
2017,botafogo-rj,20,28.0000,1.4000,0
2017,chapecoense,20,22.0000,1.1000,0
2017,corinthians,20,50.0000,2.5000,0
2017,coritiba,20,25.0000,1.2500,1
2017,cruzeiro,20,27.0000,1.3500,0
2017,flamengo,20,29.0000,1.4500,0
2017,fluminense,20,27.0000,1.3500,0
2017,gremio,20,39.0000,1.9500,0
2017,palmeiras,20,33.0000,1.6500,0
2017,ponte-preta,20,24.0000,1.2000,1
2017,santos,20,36.0000,1.8000,0
2017,sao-paulo,20,22.0000,1.1000,0
2017,sport,20,29.0000,1.4500,0
2017,vasco,20,25.0000,1.2500,0
2017,vitoria,20,19.0000,0.9500,0
2017,athletico-pr,25,34.0000,1.3600,0
2017,atletico-go,25,22.0000,0.8800,1
2017,atletico-mg,25,31.0000,1.2400,0
2017,avai,25,30.0000,1.2000,1
2017,bahia,25,30.0000,1.2000,0
2017,botafogo-rj,25,40.0000,1.6000,0
2017,chapecoense,25,31.0000,1.2400,0
2017,corinthians,25,54.0000,2.1600,0
2017,coritiba,25,27.0000,1.0800,1
2017,cruzeiro,25,40.0000,1.6000,0
2017,flamengo,25,39.0000,1.5600,0
2017,fluminense,25,31.0000,1.2400,0
2017,gremio,25,43.0000,1.7200,0
2017,palmeiras,25,43.0000,1.7200,0
2017,ponte-preta,25,28.0000,1.1200,1
2017,santos,25,44.0000,1.7600,0
2017,sao-paulo,25,28.0000,1.1200,0
2017,sport,25,30.0000,1.2000,0
2017,vasco,25,32.0000,1.2800,0
2017,vitoria,25,29.0000,1.1600,0
2017,athletico-pr,30,41.0000,1.3667,0
2017,atletico-go,30,26.0000,0.8667,1
2017,atletico-mg,30,41.0000,1.3667,0
2017,avai,30,34.0000,1.1333,1
2017,bahia,30,38.0000,1.2667,0
2017,botafogo-rj,30,47.0000,1.5667,0
2017,chapecoense,30,38.0000,1.2667,0
2017,corinthians,30,59.0000,1.9667,0
2017,coritiba,30,32.0000,1.0667,1
2017,cruzeiro,30,47.0000,1.5667,0
2017,flamengo,30,46.0000,1.5333,0
2017,fluminense,30,38.0000,1.2667,0
2017,gremio,30,50.0000,1.6667,0
2017,palmeiras,30,53.0000,1.7667,0
2017,ponte-preta,30,32.0000,1.0667,1
2017,santos,30,53.0000,1.7667,0
2017,sao-paulo,30,37.0000,1.2333,0
2017,sport,30,35.0000,1.1667,0
2017,vasco,30,43.0000,1.4333,0
2017,vitoria,30,33.0000,1.1000,0
2017,athletico-pr,35,45.0000,1.2857,0
2017,atletico-go,35,33.0000,0.9429,1
2017,atletico-mg,35,47.0000,1.3429,0
2017,avai,35,36.0000,1.0286,1
2017,bahia,35,49.0000,1.4000,0
2017,botafogo-rj,35,51.0000,1.4571,0
2017,chapecoense,35,47.0000,1.3429,0
2017,corinthians,35,71.0000,2.0286,0
2017,coritiba,35,43.0000,1.2286,1
2017,cruzeiro,35,55.0000,1.5714,0
2017,flamengo,35,50.0000,1.4286,0
2017,fluminense,35,43.0000,1.2286,0
2017,gremio,35,61.0000,1.7429,0
2017,palmeiras,35,60.0000,1.7143,0
2017,ponte-preta,35,39.0000,1.1143,1
2017,santos,35,56.0000,1.6000,0
2017,sao-paulo,35,45.0000,1.2857,0
2017,sport,35,36.0000,1.0286,0
2017,vasco,35,50.0000,1.4286,0
2017,vitoria,35,39.0000,1.1143,0
2018,america-mg,10,13.0000,1.3000,1
2018,athletico-pr,10,9.0000,0.9000,0
2018,atletico-mg,10,17.0000,1.7000,0
2018,bahia,10,8.0000,0.8000,0
2018,botafogo-rj,10,13.0000,1.3000,0
2018,ceara,10,4.0000,0.4000,0
2018,chapecoense,10,10.0000,1.0000,0
2018,corinthians,10,15.0000,1.5000,0
2018,cruzeiro,10,17.0000,1.7000,0
2018,flamengo,10,23.0000,2.3000,0
2018,fluminense,10,14.0000,1.4000,0
2018,gremio,10,16.0000,1.6000,0
2018,internacional,10,16.0000,1.6000,0
2018,palmeiras,10,17.0000,1.7000,0
2018,parana,10,9.0000,0.9000,1
2018,santos,10,11.0000,1.1000,0
2018,sao-paulo,10,17.0000,1.7000,0
2018,sport,10,18.0000,1.8000,1
2018,vasco,10,13.0000,1.3000,0
2018,vitoria,10,11.0000,1.1000,1
2018,america-mg,15,17.0000,1.1333,1
2018,athletico-pr,15,13.0000,0.8667,0
2018,atletico-mg,15,26.0000,1.7333,0
2018,bahia,15,19.0000,1.2667,0
2018,botafogo-rj,15,20.0000,1.3333,0
2018,ceara,15,8.0000,0.5333,0
2018,chapecoense,15,16.0000,1.0667,0
2018,corinthians,15,22.0000,1.4667,0
2018,cruzeiro,15,24.0000,1.6000,0
2018,flamengo,15,31.0000,2.0667,0
2018,fluminense,15,21.0000,1.4000,0
2018,gremio,15,26.0000,1.7333,0
2018,internacional,15,26.0000,1.7333,0
2018,palmeiras,15,23.0000,1.5333,0
2018,parana,15,13.0000,0.8667,1
2018,santos,15,17.0000,1.1333,0
2018,sao-paulo,15,29.0000,1.9333,0
2018,sport,15,19.0000,1.2667,1
2018,vasco,15,20.0000,1.3333,0
2018,vitoria,15,18.0000,1.2000,1
2018,america-mg,20,25.0000,1.2500,1
2018,athletico-pr,20,21.0000,1.0500,0
2018,atletico-mg,20,34.0000,1.7000,0
2018,bahia,20,25.0000,1.2500,0
2018,botafogo-rj,20,22.0000,1.1000,0
2018,ceara,20,17.0000,0.8500,0
2018,chapecoense,20,24.0000,1.2000,0
2018,corinthians,20,26.0000,1.3000,0
2018,cruzeiro,20,27.0000,1.3500,0
2018,flamengo,20,40.0000,2.0000,0
2018,fluminense,20,26.0000,1.3000,0
2018,gremio,20,37.0000,1.8500,0
2018,internacional,20,41.0000,2.0500,0
2018,palmeiras,20,36.0000,1.8000,0
2018,parana,20,15.0000,0.7500,1
2018,santos,20,22.0000,1.1000,0
2018,sao-paulo,20,42.0000,2.1000,0
2018,sport,20,20.0000,1.0000,1
2018,vasco,20,22.0000,1.1000,0
2018,vitoria,20,19.0000,0.9500,1
2018,america-mg,25,30.0000,1.2000,1
2018,athletico-pr,25,30.0000,1.2000,0
2018,atletico-mg,25,42.0000,1.6800,0
2018,bahia,25,29.0000,1.1600,0
2018,botafogo-rj,25,29.0000,1.1600,0
2018,ceara,25,27.0000,1.0800,0
2018,chapecoense,25,28.0000,1.1200,0
2018,corinthians,25,33.0000,1.3200,0
2018,cruzeiro,25,34.0000,1.3600,0
2018,flamengo,25,45.0000,1.8000,0
2018,fluminense,25,31.0000,1.2400,0
2018,gremio,25,44.0000,1.7600,0
2018,internacional,25,49.0000,1.9600,0
2018,palmeiras,25,47.0000,1.8800,0
2018,parana,25,16.0000,0.6400,1
2018,santos,25,33.0000,1.3200,0
2018,sao-paulo,25,50.0000,2.0000,0
2018,sport,25,24.0000,0.9600,1
2018,vasco,25,26.0000,1.0400,0
2018,vitoria,25,29.0000,1.1600,1
2018,america-mg,30,34.0000,1.1333,1
2018,athletico-pr,30,40.0000,1.3333,0
2018,atletico-mg,30,46.0000,1.5333,0
2018,bahia,30,37.0000,1.2333,0
2018,botafogo-rj,30,35.0000,1.1667,0
2018,ceara,30,34.0000,1.1333,0
2018,chapecoense,30,31.0000,1.0333,0
2018,corinthians,30,36.0000,1.2000,0
2018,cruzeiro,30,40.0000,1.3333,0
2018,flamengo,30,58.0000,1.9333,0
2018,fluminense,30,40.0000,1.3333,0
2018,gremio,30,52.0000,1.7333,0
2018,internacional,30,57.0000,1.9000,0
2018,palmeiras,30,62.0000,2.0667,0
2018,parana,30,17.0000,0.5667,1
2018,santos,30,43.0000,1.4333,0
2018,sao-paulo,30,53.0000,1.7667,0
2018,sport,30,30.0000,1.0000,1
2018,vasco,30,34.0000,1.1333,0
2018,vitoria,30,33.0000,1.1000,1
2018,america-mg,35,37.0000,1.0571,1
2018,athletico-pr,35,50.0000,1.4286,0
2018,atletico-mg,35,53.0000,1.5143,0
2018,bahia,35,44.0000,1.2571,0
2018,botafogo-rj,35,47.0000,1.3429,0
2018,ceara,35,39.0000,1.1143,0
2018,chapecoense,35,37.0000,1.0571,0
2018,corinthians,35,43.0000,1.2286,0
2018,cruzeiro,35,49.0000,1.4000,0
2018,flamengo,35,66.0000,1.8857,0
2018,fluminense,35,42.0000,1.2000,0
2018,gremio,35,62.0000,1.7714,0
2018,internacional,35,65.0000,1.8571,0
2018,palmeiras,35,71.0000,2.0286,0
2018,parana,35,22.0000,0.6286,1
2018,santos,35,46.0000,1.3143,0
2018,sao-paulo,35,62.0000,1.7714,0
2018,sport,35,38.0000,1.0857,1
2018,vasco,35,39.0000,1.1143,0
2018,vitoria,35,36.0000,1.0286,1
2019,athletico-pr,10,13.0000,1.3000,0
2019,atletico-mg,10,19.0000,1.9000,0
2019,avai,10,4.0000,0.4000,1
2019,bahia,10,14.0000,1.4000,0
2019,botafogo-rj,10,16.0000,1.6000,0
2019,ceara,10,11.0000,1.1000,0
2019,chapecoense,10,8.0000,0.8000,1
2019,corinthians,10,18.0000,1.8000,0
2019,cruzeiro,10,9.0000,0.9000,1
2019,csa,10,6.0000,0.6000,1
2019,flamengo,10,20.0000,2.0000,0
2019,fluminense,10,9.0000,0.9000,0
2019,fortaleza,10,13.0000,1.3000,0
2019,goias,10,15.0000,1.5000,0
2019,gremio,10,14.0000,1.4000,0
2019,internacional,10,16.0000,1.6000,0
2019,palmeiras,10,26.0000,2.6000,0
2019,santos,10,23.0000,2.3000,0
2019,sao-paulo,10,15.0000,1.5000,0
2019,vasco,10,9.0000,0.9000,0
2019,athletico-pr,15,22.0000,1.4667,0
2019,atletico-mg,15,27.0000,1.8000,0
2019,avai,15,6.0000,0.4000,1
2019,bahia,15,21.0000,1.4000,0
2019,botafogo-rj,15,22.0000,1.4667,0
2019,ceara,15,20.0000,1.3333,0
2019,chapecoense,15,13.0000,0.8667,1
2019,corinthians,15,27.0000,1.8000,0
2019,cruzeiro,15,14.0000,0.9333,1
2019,csa,15,11.0000,0.7333,1
2019,flamengo,15,30.0000,2.0000,0
2019,fluminense,15,12.0000,0.8000,0
2019,fortaleza,15,17.0000,1.1333,0
2019,goias,15,18.0000,1.2000,0
2019,gremio,15,18.0000,1.2000,0
2019,internacional,15,24.0000,1.6000,0
2019,palmeiras,15,30.0000,2.0000,0
2019,santos,15,32.0000,2.1333,0
2019,sao-paulo,15,30.0000,2.0000,0
2019,vasco,15,17.0000,1.1333,0
2019,athletico-pr,20,27.0000,1.3500,0
2019,atletico-mg,20,27.0000,1.3500,0
2019,avai,20,16.0000,0.8000,1
2019,bahia,20,31.0000,1.5500,0
2019,botafogo-rj,20,27.0000,1.3500,0
2019,ceara,20,22.0000,1.1000,0
2019,chapecoense,20,14.0000,0.7000,1
2019,corinthians,20,35.0000,1.7500,0
2019,cruzeiro,20,18.0000,0.9000,1
2019,csa,20,19.0000,0.9500,1
2019,flamengo,20,45.0000,2.2500,0
2019,fluminense,20,18.0000,0.9000,0
2019,fortaleza,20,22.0000,1.1000,0
2019,goias,20,24.0000,1.2000,0
2019,gremio,20,31.0000,1.5500,0
2019,internacional,20,36.0000,1.8000,0
2019,palmeiras,20,42.0000,2.1000,0
2019,santos,20,37.0000,1.8500,0
2019,sao-paulo,20,35.0000,1.7500,0
2019,vasco,20,24.0000,1.2000,0
2019,athletico-pr,25,35.0000,1.4000,0
2019,atletico-mg,25,31.0000,1.2400,0
2019,avai,25,17.0000,0.6800,1
2019,bahia,25,38.0000,1.5200,0
2019,botafogo-rj,25,30.0000,1.2000,0
2019,ceara,25,26.0000,1.0400,0
2019,chapecoense,25,16.0000,0.6400,1
2019,corinthians,25,43.0000,1.7200,0
2019,cruzeiro,25,22.0000,0.8800,1
2019,csa,25,25.0000,1.0000,1
2019,flamengo,25,58.0000,2.3200,0
2019,fluminense,25,29.0000,1.1600,0
2019,fortaleza,25,28.0000,1.1200,0
2019,goias,25,36.0000,1.4400,0
2019,gremio,25,41.0000,1.6400,0
2019,internacional,25,39.0000,1.5600,0
2019,palmeiras,25,50.0000,2.0000,0
2019,santos,25,48.0000,1.9200,0
2019,sao-paulo,25,43.0000,1.7200,0
2019,vasco,25,31.0000,1.2400,0
2019,athletico-pr,30,46.0000,1.5333,0
2019,atletico-mg,30,36.0000,1.2000,0
2019,avai,30,17.0000,0.5667,1
2019,bahia,30,42.0000,1.4000,0
2019,botafogo-rj,30,33.0000,1.1000,0
2019,ceara,30,33.0000,1.1000,0
2019,chapecoense,30,21.0000,0.7000,1
2019,corinthians,30,45.0000,1.5000,0
2019,cruzeiro,30,33.0000,1.1000,1
2019,csa,30,29.0000,0.9667,1
2019,flamengo,30,71.0000,2.3667,0
2019,fluminense,30,31.0000,1.0333,0
2019,fortaleza,30,36.0000,1.2000,0
2019,goias,30,42.0000,1.4000,0
2019,gremio,30,50.0000,1.6667,0
2019,internacional,30,46.0000,1.5333,0
2019,palmeiras,30,63.0000,2.1000,0
2019,santos,30,58.0000,1.9333,0
2019,sao-paulo,30,52.0000,1.7333,0
2019,vasco,30,39.0000,1.3000,0
2019,athletico-pr,35,59.0000,1.6857,0
2019,atletico-mg,35,42.0000,1.2000,0
2019,avai,35,18.0000,0.5143,1
2019,bahia,35,45.0000,1.2857,0
2019,botafogo-rj,35,42.0000,1.2000,0
2019,ceara,35,37.0000,1.0571,0
2019,chapecoense,35,28.0000,0.8000,1
2019,corinthians,35,53.0000,1.5143,0
2019,cruzeiro,35,36.0000,1.0286,1
2019,csa,35,32.0000,0.9143,1
2019,flamengo,35,84.0000,2.4000,0
2019,fluminense,35,41.0000,1.1714,0
2019,fortaleza,35,46.0000,1.3143,0
2019,goias,35,49.0000,1.4000,0
2019,gremio,35,59.0000,1.6857,0
2019,internacional,35,51.0000,1.4571,0
2019,palmeiras,35,68.0000,1.9429,0
2019,santos,35,68.0000,1.9429,0
2019,sao-paulo,35,57.0000,1.6286,0
2019,vasco,35,44.0000,1.2571,0
2020,athletico-pr,10,14.0000,1.4000,0
2020,atletico-go,10,13.0000,1.3000,0
2020,atletico-mg,10,18.0000,1.8000,0
2020,bahia,10,12.0000,1.2000,0
2020,botafogo-rj,10,9.0000,0.9000,1
2020,bragantino,10,7.0000,0.7000,0
2020,ceara,10,13.0000,1.3000,0
2020,corinthians,10,10.0000,1.0000,0
2020,coritiba,10,8.0000,0.8000,1
2020,flamengo,10,17.0000,1.7000,0
2020,fluminense,10,14.0000,1.4000,0
2020,fortaleza,10,12.0000,1.2000,0
2020,goias,10,8.0000,0.8000,1
2020,gremio,10,15.0000,1.5000,0
2020,internacional,10,20.0000,2.0000,0
2020,palmeiras,10,18.0000,1.8000,0
2020,santos,10,15.0000,1.5000,0
2020,sao-paulo,10,18.0000,1.8000,0
2020,sport,10,11.0000,1.1000,0
2020,vasco,10,18.0000,1.8000,1
2020,athletico-pr,15,18.0000,1.2000,0
2020,atletico-go,15,18.0000,1.2000,0
2020,atletico-mg,15,30.0000,2.0000,0
2020,bahia,15,15.0000,1.0000,0
2020,botafogo-rj,15,18.0000,1.2000,1
2020,bragantino,15,12.0000,0.8000,0
2020,ceara,15,18.0000,1.2000,0
2020,corinthians,15,15.0000,1.0000,0
2020,coritiba,15,13.0000,0.8667,1
2020,flamengo,15,30.0000,2.0000,0
2020,fluminense,15,24.0000,1.6000,0
2020,fortaleza,15,21.0000,1.4000,0
2020,goias,15,9.0000,0.6000,1
2020,gremio,15,20.0000,1.3333,0
2020,internacional,15,28.0000,1.8667,0
2020,palmeiras,15,23.0000,1.5333,0
2020,santos,15,24.0000,1.6000,0
2020,sao-paulo,15,29.0000,1.9333,0
2020,sport,15,20.0000,1.3333,0
2020,vasco,15,19.0000,1.2667,1
2020,athletico-pr,20,22.0000,1.1000,0
2020,atletico-go,20,23.0000,1.1500,0
2020,atletico-mg,20,35.0000,1.7500,0
2020,bahia,20,25.0000,1.2500,0
2020,botafogo-rj,20,20.0000,1.0000,1
2020,bragantino,20,20.0000,1.0000,0
2020,ceara,20,25.0000,1.2500,0
2020,corinthians,20,25.0000,1.2500,0
2020,coritiba,20,20.0000,1.0000,1
2020,flamengo,20,35.0000,1.7500,0
2020,fluminense,20,32.0000,1.6000,0
2020,fortaleza,20,25.0000,1.2500,0
2020,goias,20,12.0000,0.6000,1
2020,gremio,20,33.0000,1.6500,0
2020,internacional,20,36.0000,1.8000,0
2020,palmeiras,20,32.0000,1.6000,0
2020,santos,20,31.0000,1.5500,0
2020,sao-paulo,20,40.0000,2.0000,0
2020,sport,20,25.0000,1.2500,0
2020,vasco,20,21.0000,1.0500,1
2020,athletico-pr,25,28.0000,1.1200,0
2020,atletico-go,25,31.0000,1.2400,0
2020,atletico-mg,25,46.0000,1.8400,0
2020,bahia,25,28.0000,1.1200,0
2020,botafogo-rj,25,20.0000,0.8000,1
2020,bragantino,25,31.0000,1.2400,0
2020,ceara,25,32.0000,1.2800,0
2020,corinthians,25,33.0000,1.3200,0
2020,coritiba,25,21.0000,0.8400,1
2020,flamengo,25,48.0000,1.9200,0
2020,fluminense,25,40.0000,1.6000,0
2020,fortaleza,25,30.0000,1.2000,0
2020,goias,25,20.0000,0.8000,1
2020,gremio,25,41.0000,1.6400,0
2020,internacional,25,41.0000,1.6400,0
2020,palmeiras,25,42.0000,1.6800,0
2020,santos,25,38.0000,1.5200,0
2020,sao-paulo,25,50.0000,2.0000,0
2020,sport,25,28.0000,1.1200,0
2020,vasco,25,26.0000,1.0400,1
2020,athletico-pr,30,39.0000,1.3000,0
2020,atletico-go,30,36.0000,1.2000,0
2020,atletico-mg,30,56.0000,1.8667,0
2020,bahia,30,32.0000,1.0667,0
2020,botafogo-rj,30,23.0000,0.7667,1
2020,bragantino,30,38.0000,1.2667,0
2020,ceara,30,39.0000,1.3000,0
2020,corinthians,30,42.0000,1.4000,0
2020,coritiba,30,25.0000,0.8333,1
2020,flamengo,30,55.0000,1.8333,0
2020,fluminense,30,46.0000,1.5333,0
2020,fortaleza,30,32.0000,1.0667,0
2020,goias,30,26.0000,0.8667,1
2020,gremio,30,50.0000,1.6667,0
2020,internacional,30,56.0000,1.8667,0
2020,palmeiras,30,52.0000,1.7333,0
2020,santos,30,45.0000,1.5000,0
2020,sao-paulo,30,57.0000,1.9000,0
2020,sport,30,32.0000,1.0667,0
2020,vasco,30,33.0000,1.1000,1
2020,athletico-pr,35,47.0000,1.3429,0
2020,atletico-go,35,46.0000,1.3143,0
2020,atletico-mg,35,61.0000,1.7429,0
2020,bahia,35,37.0000,1.0571,0
2020,botafogo-rj,35,24.0000,0.6857,1
2020,bragantino,35,48.0000,1.3714,0
2020,ceara,35,46.0000,1.3143,0
2020,corinthians,35,49.0000,1.4000,0
2020,coritiba,35,31.0000,0.8857,1
2020,flamengo,35,65.0000,1.8571,0
2020,fluminense,35,57.0000,1.6286,0
2020,fortaleza,35,41.0000,1.1714,0
2020,goias,35,33.0000,0.9429,1
2020,gremio,35,56.0000,1.6000,0
2020,internacional,35,66.0000,1.8857,0
2020,palmeiras,35,54.0000,1.5429,0
2020,santos,35,50.0000,1.4286,0
2020,sao-paulo,35,60.0000,1.7143,0
2020,sport,35,41.0000,1.1714,0
2020,vasco,35,37.0000,1.0571,1
2021,america-mg,10,9.0000,0.9000,0
2021,athletico-pr,10,20.0000,2.0000,0
2021,atletico-go,10,14.0000,1.4000,0
2021,atletico-mg,10,19.0000,1.9000,0
2021,bahia,10,17.0000,1.7000,1
2021,bragantino,10,22.0000,2.2000,0
2021,ceara,10,14.0000,1.4000,0
2021,chapecoense,10,4.0000,0.4000,1
2021,corinthians,10,14.0000,1.4000,0
2021,cuiaba,10,8.0000,0.8000,0
2021,flamengo,10,14.0000,1.4000,0
2021,fluminense,10,14.0000,1.4000,0
2021,fortaleza,10,18.0000,1.8000,0
2021,gremio,10,6.0000,0.6000,1
2021,internacional,10,10.0000,1.0000,0
2021,juventude,10,12.0000,1.2000,0
2021,palmeiras,10,22.0000,2.2000,0
2021,santos,10,15.0000,1.5000,0
2021,sao-paulo,10,8.0000,0.8000,0
2021,sport,10,7.0000,0.7000,1
2021,america-mg,15,14.0000,0.9333,0
2021,athletico-pr,15,24.0000,1.6000,0
2021,atletico-go,15,20.0000,1.3333,0
2021,atletico-mg,15,34.0000,2.2667,0
2021,bahia,15,18.0000,1.2000,1
2021,bragantino,15,28.0000,1.8667,0
2021,ceara,15,23.0000,1.5333,0
2021,chapecoense,15,4.0000,0.2667,1
2021,corinthians,15,18.0000,1.2000,0
2021,cuiaba,15,14.0000,0.9333,0
2021,flamengo,15,26.0000,1.7333,0
2021,fluminense,15,18.0000,1.2000,0
2021,fortaleza,15,30.0000,2.0000,0
2021,gremio,15,14.0000,0.9333,1
2021,internacional,15,18.0000,1.2000,0
2021,juventude,15,17.0000,1.1333,0
2021,palmeiras,15,32.0000,2.1333,0
2021,santos,15,20.0000,1.3333,0
2021,sao-paulo,15,15.0000,1.0000,0
2021,sport,15,15.0000,1.0000,1
2021,america-mg,20,22.0000,1.1000,0
2021,athletico-pr,20,25.0000,1.2500,0
2021,atletico-go,20,26.0000,1.3000,0
2021,atletico-mg,20,45.0000,2.2500,0
2021,bahia,20,22.0000,1.1000,1
2021,bragantino,20,33.0000,1.6500,0
2021,ceara,20,24.0000,1.2000,0
2021,chapecoense,20,10.0000,0.5000,1
2021,corinthians,20,29.0000,1.4500,0
2021,cuiaba,20,27.0000,1.3500,0
2021,flamengo,20,39.0000,1.9500,0
2021,fluminense,20,28.0000,1.4000,0
2021,fortaleza,20,33.0000,1.6500,0
2021,gremio,20,20.0000,1.0000,1
2021,internacional,20,27.0000,1.3500,0
2021,juventude,20,23.0000,1.1500,0
2021,palmeiras,20,38.0000,1.9000,0
2021,santos,20,23.0000,1.1500,0
2021,sao-paulo,20,23.0000,1.1500,0
2021,sport,20,17.0000,0.8500,1
2021,america-mg,25,31.0000,1.2400,0
2021,athletico-pr,25,34.0000,1.3600,0
2021,atletico-go,25,31.0000,1.2400,0
2021,atletico-mg,25,56.0000,2.2400,0
2021,bahia,25,27.0000,1.0800,1
2021,bragantino,25,39.0000,1.5600,0
2021,ceara,25,30.0000,1.2000,0
2021,chapecoense,25,12.0000,0.4800,1
2021,corinthians,25,37.0000,1.4800,0
2021,cuiaba,25,31.0000,1.2400,0
2021,flamengo,25,47.0000,1.8800,0
2021,fluminense,25,33.0000,1.3200,0
2021,fortaleza,25,39.0000,1.5600,0
2021,gremio,25,24.0000,0.9600,1
2021,internacional,25,37.0000,1.4800,0
2021,juventude,25,28.0000,1.1200,0
2021,palmeiras,25,42.0000,1.6800,0
2021,santos,25,31.0000,1.2400,0
2021,sao-paulo,25,30.0000,1.2000,0
2021,sport,25,26.0000,1.0400,1
2021,america-mg,30,38.0000,1.2667,0
2021,athletico-pr,30,38.0000,1.2667,0
2021,atletico-go,30,38.0000,1.2667,0
2021,atletico-mg,30,65.0000,2.1667,0
2021,bahia,30,36.0000,1.2000,1
2021,bragantino,30,46.0000,1.5333,0
2021,ceara,30,39.0000,1.3000,0
2021,chapecoense,30,14.0000,0.4667,1
2021,corinthians,30,47.0000,1.5667,0
2021,cuiaba,30,38.0000,1.2667,0
2021,flamengo,30,55.0000,1.8333,0
2021,fluminense,30,42.0000,1.4000,0
2021,fortaleza,30,48.0000,1.6000,0
2021,gremio,30,27.0000,0.9000,1
2021,internacional,30,44.0000,1.4667,0
2021,juventude,30,31.0000,1.0333,0
2021,palmeiras,30,55.0000,1.8333,0
2021,santos,30,35.0000,1.1667,0
2021,sao-paulo,30,37.0000,1.2333,0
2021,sport,30,30.0000,1.0000,1
2021,america-mg,35,48.0000,1.3714,0
2021,athletico-pr,35,45.0000,1.2857,0
2021,atletico-go,35,44.0000,1.2571,0
2021,atletico-mg,35,78.0000,2.2286,0
2021,bahia,35,37.0000,1.0571,1
2021,bragantino,35,52.0000,1.4857,0
2021,ceara,35,49.0000,1.4000,0
2021,chapecoense,35,15.0000,0.4286,1
2021,corinthians,35,53.0000,1.5143,0
2021,cuiaba,35,43.0000,1.2286,0
2021,flamengo,35,68.0000,1.9429,0
2021,fluminense,35,51.0000,1.4571,0
2021,fortaleza,35,52.0000,1.4857,0
2021,gremio,35,39.0000,1.1143,1
2021,internacional,35,47.0000,1.3429,0
2021,juventude,35,43.0000,1.2286,0
2021,palmeiras,35,59.0000,1.6857,0
2021,santos,35,45.0000,1.2857,0
2021,sao-paulo,35,42.0000,1.2000,0
2021,sport,35,34.0000,0.9714,1
2022,america-mg,10,14.0000,1.4000,0
2022,athletico-pr,10,16.0000,1.6000,0
2022,atletico-go,10,10.0000,1.0000,1
2022,atletico-mg,10,16.0000,1.6000,0
2022,avai,10,11.0000,1.1000,1
2022,botafogo-rj,10,12.0000,1.2000,0
2022,bragantino,10,13.0000,1.3000,0
2022,ceara,10,13.0000,1.3000,1
2022,corinthians,10,18.0000,1.8000,0
2022,coritiba,10,15.0000,1.5000,0
2022,cuiaba,10,11.0000,1.1000,0
2022,flamengo,10,12.0000,1.2000,0
2022,fluminense,10,14.0000,1.4000,0
2022,fortaleza,10,6.0000,0.6000,0
2022,goias,10,13.0000,1.3000,0
2022,internacional,10,15.0000,1.5000,0
2022,juventude,10,10.0000,1.0000,1
2022,palmeiras,10,19.0000,1.9000,0
2022,santos,10,13.0000,1.3000,0
2022,sao-paulo,10,15.0000,1.5000,0
2022,america-mg,15,18.0000,1.2000,0
2022,athletico-pr,15,27.0000,1.8000,0
2022,atletico-go,15,17.0000,1.1333,1
2022,atletico-mg,15,27.0000,1.8000,0
2022,avai,15,18.0000,1.2000,1
2022,botafogo-rj,15,21.0000,1.4000,0
2022,bragantino,15,18.0000,1.2000,0
2022,ceara,15,18.0000,1.2000,1
2022,corinthians,15,26.0000,1.7333,0
2022,coritiba,15,18.0000,1.2000,0
2022,cuiaba,15,16.0000,1.0667,0
2022,flamengo,15,21.0000,1.4000,0
2022,fluminense,15,24.0000,1.6000,0
2022,fortaleza,15,10.0000,0.6667,0
2022,goias,15,17.0000,1.1333,0
2022,internacional,15,25.0000,1.6667,0
2022,juventude,15,11.0000,0.7333,1
2022,palmeiras,15,29.0000,1.9333,0
2022,santos,15,19.0000,1.2667,0
2022,sao-paulo,15,22.0000,1.4667,0
2022,america-mg,20,24.0000,1.2000,0
2022,athletico-pr,20,34.0000,1.7000,0
2022,atletico-go,20,17.0000,0.8500,1
2022,atletico-mg,20,32.0000,1.6000,0
2022,avai,20,21.0000,1.0500,1
2022,botafogo-rj,20,24.0000,1.2000,0
2022,bragantino,20,30.0000,1.5000,0
2022,ceara,20,24.0000,1.2000,1
2022,corinthians,20,38.0000,1.9000,0
2022,coritiba,20,22.0000,1.1000,0
2022,cuiaba,20,20.0000,1.0000,0
2022,flamengo,20,33.0000,1.6500,0
2022,fluminense,20,35.0000,1.7500,0
2022,fortaleza,20,18.0000,0.9000,0
2022,goias,20,25.0000,1.2500,0
2022,internacional,20,33.0000,1.6500,0
2022,juventude,20,16.0000,0.8000,1
2022,palmeiras,20,42.0000,2.1000,0
2022,santos,20,27.0000,1.3500,0
2022,sao-paulo,20,26.0000,1.3000,0
2022,america-mg,25,35.0000,1.4000,0
2022,athletico-pr,25,42.0000,1.6800,0
2022,atletico-go,25,22.0000,0.8800,1
2022,atletico-mg,25,39.0000,1.5600,0
2022,avai,25,24.0000,0.9600,1
2022,botafogo-rj,25,30.0000,1.2000,0
2022,bragantino,25,32.0000,1.2800,0
2022,ceara,25,28.0000,1.1200,1
2022,corinthians,25,43.0000,1.7200,0
2022,coritiba,25,25.0000,1.0000,0
2022,cuiaba,25,26.0000,1.0400,0
2022,flamengo,25,44.0000,1.7600,0
2022,fluminense,25,42.0000,1.6800,0
2022,fortaleza,25,30.0000,1.2000,0
2022,goias,25,35.0000,1.4000,0
2022,internacional,25,43.0000,1.7200,0
2022,juventude,25,18.0000,0.7200,1
2022,palmeiras,25,51.0000,2.0400,0
2022,santos,25,34.0000,1.3600,0
2022,sao-paulo,25,30.0000,1.2000,0
2022,america-mg,30,42.0000,1.4000,0
2022,athletico-pr,30,48.0000,1.6000,0
2022,atletico-go,30,28.0000,0.9333,1
2022,atletico-mg,30,46.0000,1.5333,0
2022,avai,30,28.0000,0.9333,1
2022,botafogo-rj,30,40.0000,1.3333,0
2022,bragantino,30,38.0000,1.2667,0
2022,ceara,30,32.0000,1.0667,1
2022,corinthians,30,51.0000,1.7000,0
2022,coritiba,30,31.0000,1.0333,0
2022,cuiaba,30,30.0000,1.0000,0
2022,flamengo,30,49.0000,1.6333,0
2022,fluminense,30,51.0000,1.7000,0
2022,fortaleza,30,38.0000,1.2667,0
2022,goias,30,38.0000,1.2667,0
2022,internacional,30,54.0000,1.8000,0
2022,juventude,30,20.0000,0.6667,1
2022,palmeiras,30,66.0000,2.2000,0
2022,santos,30,37.0000,1.2333,0
2022,sao-paulo,30,43.0000,1.4333,0
2022,america-mg,35,49.0000,1.4000,0
2022,athletico-pr,35,54.0000,1.5429,0
2022,atletico-go,35,33.0000,0.9429,1
2022,atletico-mg,35,52.0000,1.4857,0
2022,avai,35,28.0000,0.8000,1
2022,botafogo-rj,35,47.0000,1.3429,0
2022,bragantino,35,44.0000,1.2571,0
2022,ceara,35,34.0000,0.9714,1
2022,corinthians,35,61.0000,1.7429,0
2022,coritiba,35,38.0000,1.0857,0
2022,cuiaba,35,37.0000,1.0571,0
2022,flamengo,35,61.0000,1.7429,0
2022,fluminense,35,61.0000,1.7429,0
2022,fortaleza,35,48.0000,1.3714,0
2022,goias,35,43.0000,1.2286,0
2022,internacional,35,64.0000,1.8286,0
2022,juventude,35,21.0000,0.6000,1
2022,palmeiras,35,77.0000,2.2000,0
2022,santos,35,46.0000,1.3143,0
2022,sao-paulo,35,51.0000,1.4571,0
2023,america-mg,10,8.0000,0.8000,1
2023,athletico-pr,10,16.0000,1.6000,0
2023,atletico-mg,10,18.0000,1.8000,0
2023,bahia,10,9.0000,0.9000,0
2023,botafogo-rj,10,24.0000,2.4000,0
2023,bragantino,10,14.0000,1.4000,0
2023,corinthians,10,9.0000,0.9000,0
2023,coritiba,10,4.0000,0.4000,1
2023,cruzeiro,10,14.0000,1.4000,0
2023,cuiaba,10,12.0000,1.2000,0
2023,flamengo,10,19.0000,1.9000,0
2023,fluminense,10,17.0000,1.7000,0
2023,fortaleza,10,14.0000,1.4000,0
2023,goias,10,8.0000,0.8000,1
2023,gremio,10,17.0000,1.7000,0
2023,internacional,10,14.0000,1.4000,0
2023,palmeiras,10,22.0000,2.2000,0
2023,santos,10,13.0000,1.3000,1
2023,sao-paulo,10,15.0000,1.5000,0
2023,vasco,10,6.0000,0.6000,0
2023,america-mg,15,9.0000,0.6000,1
2023,athletico-pr,15,23.0000,1.5333,0
2023,atletico-mg,15,21.0000,1.4000,0
2023,bahia,15,13.0000,0.8667,0
2023,botafogo-rj,15,39.0000,2.6000,0
2023,bragantino,15,24.0000,1.6000,0
2023,corinthians,15,16.0000,1.0667,0
2023,coritiba,15,11.0000,0.7333,1
2023,cruzeiro,15,22.0000,1.4667,0
2023,cuiaba,15,19.0000,1.2667,0
2023,flamengo,15,27.0000,1.8000,0
2023,fluminense,15,25.0000,1.6667,0
2023,fortaleza,15,23.0000,1.5333,0
2023,goias,15,12.0000,0.8000,1
2023,gremio,15,27.0000,1.8000,0
2023,internacional,15,22.0000,1.4667,0
2023,palmeiras,15,25.0000,1.6667,0
2023,santos,15,16.0000,1.0667,1
2023,sao-paulo,15,25.0000,1.6667,0
2023,vasco,15,12.0000,0.8000,0
2023,america-mg,20,10.0000,0.5000,1
2023,athletico-pr,20,32.0000,1.6000,0
2023,atletico-mg,20,27.0000,1.3500,0
2023,bahia,20,21.0000,1.0500,0
2023,botafogo-rj,20,48.0000,2.4000,0
2023,bragantino,20,32.0000,1.6000,0
2023,corinthians,20,25.0000,1.2500,0
2023,coritiba,20,14.0000,0.7000,1
2023,cruzeiro,20,25.0000,1.2500,0
2023,cuiaba,20,28.0000,1.4000,0
2023,flamengo,20,35.0000,1.7500,0
2023,fluminense,20,34.0000,1.7000,0
2023,fortaleza,20,29.0000,1.4500,0
2023,goias,20,23.0000,1.1500,1
2023,gremio,20,34.0000,1.7000,0
2023,internacional,20,24.0000,1.2000,0
2023,palmeiras,20,37.0000,1.8500,0
2023,santos,20,21.0000,1.0500,1
2023,sao-paulo,20,28.0000,1.4000,0
2023,vasco,20,19.0000,0.9500,0
2023,america-mg,25,18.0000,0.7200,1
2023,athletico-pr,25,40.0000,1.6000,0
2023,atletico-mg,25,40.0000,1.6000,0
2023,bahia,25,25.0000,1.0000,0
2023,botafogo-rj,25,52.0000,2.0800,0
2023,bragantino,25,45.0000,1.8000,0
2023,corinthians,25,30.0000,1.2000,0
2023,coritiba,25,17.0000,0.6800,1
2023,cruzeiro,25,30.0000,1.2000,0
2023,cuiaba,25,32.0000,1.2800,0
2023,flamengo,25,43.0000,1.7200,0
2023,fluminense,25,41.0000,1.6400,0
2023,fortaleza,25,39.0000,1.5600,0
2023,goias,25,27.0000,1.0800,1
2023,gremio,25,44.0000,1.7600,0
2023,internacional,25,29.0000,1.1600,0
2023,palmeiras,25,44.0000,1.7600,0
2023,santos,25,27.0000,1.0800,1
2023,sao-paulo,25,34.0000,1.3600,0
2023,vasco,25,26.0000,1.0400,0
2023,america-mg,30,19.0000,0.6333,1
2023,athletico-pr,30,49.0000,1.6333,0
2023,atletico-mg,30,49.0000,1.6333,0
2023,bahia,30,34.0000,1.1333,0
2023,botafogo-rj,30,60.0000,2.0000,0
2023,bragantino,30,52.0000,1.7333,0
2023,corinthians,30,37.0000,1.2333,0
2023,coritiba,30,23.0000,0.7667,1
2023,cruzeiro,30,40.0000,1.3333,0
2023,cuiaba,30,40.0000,1.3333,0
2023,flamengo,30,53.0000,1.7667,0
2023,fluminense,30,45.0000,1.5000,0
2023,fortaleza,30,43.0000,1.4333,0
2023,goias,30,32.0000,1.0667,1
2023,gremio,30,50.0000,1.6667,0
2023,internacional,30,38.0000,1.2667,0
2023,palmeiras,30,53.0000,1.7667,0
2023,santos,30,34.0000,1.1333,1
2023,sao-paulo,30,39.0000,1.3000,0
2023,vasco,30,31.0000,1.0333,0
2023,america-mg,35,21.0000,0.6000,1
2023,athletico-pr,35,52.0000,1.4857,0
2023,atletico-mg,35,60.0000,1.7143,0
2023,bahia,35,41.0000,1.1714,0
2023,botafogo-rj,35,62.0000,1.7714,0
2023,bragantino,35,59.0000,1.6857,0
2023,corinthians,35,44.0000,1.2571,0
2023,coritiba,35,29.0000,0.8286,1
2023,cruzeiro,35,44.0000,1.2571,0
2023,cuiaba,35,48.0000,1.3714,0
2023,flamengo,35,63.0000,1.8000,0
2023,fluminense,35,53.0000,1.5143,0
2023,fortaleza,35,45.0000,1.2857,0
2023,goias,35,35.0000,1.0000,1
2023,gremio,35,59.0000,1.6857,0
2023,internacional,35,46.0000,1.3143,0
2023,palmeiras,35,63.0000,1.8000,0
2023,santos,35,43.0000,1.2286,1
2023,sao-paulo,35,47.0000,1.3429,0
2023,vasco,35,42.0000,1.2000,0
